scenario,model,method,period,series,MAE,SE,WIS,nWIS,nMAE,pinball,coverage50,width50,nwidth50,coverage80,width80,nwidth80,coverage90,width90,nwidth90,coverage95,width95,nwidth95
calendar_only,lgbm,raw,2023Q4_shift,50Hertz|down,9523.412339738674,255084529.4747843,5593.586996825078,0.8124701248605738,1.3832783895482468,2796.793498412539,0.5116279069767442,8407.602944535705,1.221206753019536,0.7093023255813954,18172.354176688434,2.6395396863095097,0.7790697674418605,21746.30125615357,3.1586565305717476,0.8255813953488372,29390.15837467924,4.268928982046975
calendar_only,lgbm,raw,2023Q4_shift,50Hertz|up,543.369909365162,1570298.3239969902,411.5519853870321,1.5710776036084069,2.074285449687531,205.77599269351606,0.5,68.49283125035971,0.2614677051891117,0.7093023255813954,478.72244477682176,1.827497225232013,0.813953488372093,1099.9596317387752,4.199036825622354,0.8953488372093024,2045.5593780226259,7.808813077745765
calendar_only,lgbm,raw,2023Q4_shift,Amprion|down,950.6666699490223,3491511.8606743743,678.056907404988,0.34821356084811156,0.48821127357802396,339.0284537024941,0.47674418604651164,2914.021857340109,1.4964849059897103,0.7674418604651163,6736.800455117914,3.459658399731731,0.9767441860465116,10509.915784322913,5.397327509690867,1.0,12238.350751931617,6.284958751541688
calendar_only,lgbm,raw,2023Q4_shift,Amprion|up,15800.837069383755,659005388.1194993,9718.44299183055,2.144505538250606,3.4866678368925035,4859.221495915275,0.3953488372093023,11100.392876346574,2.44945142139471,0.6162790697674418,21474.377264891682,4.738611011430016,0.7325581395348837,26922.848318175314,5.940889643777483,0.7674418604651163,32428.510982634547,7.1557883765886405
calendar_only,lgbm,raw,2023Q4_shift,TenneT DE|down,21038.958455896092,1003778960.6823691,12260.476334019419,0.8569282780652926,1.4704876018457074,6130.23816700971,0.26744186046511625,25699.283850373842,1.7962143115358309,0.6744186046511628,41279.16321133346,2.885147467926113,0.6976744186046512,47525.46978956105,3.3217240408522724,0.7674418604651163,54482.89916500749,3.808003514180666
calendar_only,lgbm,raw,2023Q4_shift,TenneT DE|up,4170.338997937287,50061297.44615894,2407.905435578439,0.6740811711544632,1.1674656962454129,1203.9527177892196,0.36046511627906974,4153.451202613324,1.162738041794374,0.6046511627906976,7643.695193559097,2.1398145175847842,0.6744186046511628,10133.216568745236,2.8367436657996152,0.8488372093023255,11822.371711374291,3.3096142611232438
calendar_only,lgbm,raw,2023Q4_shift,TransnetBW|down,41.83806781994926,64809.58724800236,41.66717126384024,0.19188139980727636,0.1926683951663038,20.833585631920123,0.8604651162790697,2.6035619593905714,0.011989657519333001,0.9418604651162791,369.3884270802013,1.7010698425373396,0.9883720930232558,557.3796539561505,2.5667878327515816,0.9883720930232558,817.1062938034853,3.762854417295477
calendar_only,lgbm,raw,2023Q4_shift,TransnetBW|up,8133.756533829692,116448924.85449,3867.1402694350327,0.40461351355946834,0.8510236454575035,1933.5701347175166,0.29069767441860467,13468.026928920437,1.4091409456994308,0.7093023255813954,24991.494732612413,2.614825371809579,0.7790697674418605,30119.54708988071,3.1513663652642503,0.9534883720930233,34839.40238436638,3.6451982671706955
calendar_only,lgbm,raw,2024_primary,50Hertz|down,7659.878559027203,185270813.2342922,4398.017455779678,0.6388133041399875,1.1125995703297509,2199.008727889839,0.4548022598870056,10716.579936990604,1.5565863272399472,0.768361581920904,20155.923087992556,2.927653642872901,0.8700564971751412,24742.260033172057,3.5938204071723887,0.923728813559322,30647.487681959818,4.451556426628947
calendar_only,lgbm,raw,2024_primary,50Hertz|up,483.2881624188213,2689119.052637351,393.8446561813506,1.5034808252606966,1.8449266071483692,196.9223280906753,0.7429378531073446,246.38415433376602,0.9405582781814326,0.8305084745762712,1038.3685523379863,3.9639161874904607,0.8926553672316384,1731.128175254497,6.608488846336464,0.9209039548022598,2577.407782705152,9.839115802019554
calendar_only,lgbm,raw,2024_primary,Amprion|down,603.5601925921992,2006378.6992212804,477.4421971657798,0.24518863499305654,0.3099560546518748,238.72109858288994,0.5790960451977402,1849.0816349072663,0.949588881638418,0.9265536723163842,4731.390542562792,2.4297877222344013,0.9830508474576272,6895.142445182313,3.5409743299876686,0.9858757062146892,9038.197805281874,4.641532306590047
calendar_only,lgbm,raw,2024_primary,Amprion|up,12241.14178573926,458781901.65049624,7456.047665236936,1.6452774919811868,2.7011730558172595,3728.023832618468,0.4293785310734463,9997.286865023172,2.2060362001962996,0.6299435028248588,20397.702941681506,4.5010282987509,0.7570621468926554,27329.84577944605,6.0306991235967,0.8559322033898306,33026.03300218785,7.287639670179177
calendar_only,lgbm,raw,2024_primary,TenneT DE|down,17145.432107045595,760617850.3981615,9423.603772682027,0.6586491694198816,1.1983552034930827,4711.801886341014,0.3587570621468927,20113.99558397378,1.4058386584020182,0.6242937853107344,36152.9433949103,2.526857740790237,0.7372881355932204,44338.80087668403,3.098996421640705,0.8050847457627118,51356.24398814257,3.589470468333138
calendar_only,lgbm,raw,2024_primary,TenneT DE|up,3822.420091694759,42905439.528387375,2099.1346911861424,0.5876423343451618,1.0700675259014003,1049.5673455930714,0.4632768361581921,5055.996767044824,1.4154011913113322,0.6468926553672316,8600.214834552335,2.407587441847517,0.7175141242937854,10570.97555967381,2.959292121784824,0.8926553672316384,11851.620164242586,3.31780222028169
calendar_only,lgbm,raw,2024_primary,TransnetBW|down,420.58670711370934,1618276.0703140302,305.7763913205488,1.4081301949461125,1.9368429306202337,152.8881956602744,0.4293785310734463,203.29715231262333,0.9362032741692768,0.6836158192090396,636.7545314275816,2.9323169084430405,0.7909604519774012,988.4949298540898,4.5521158525921255,0.9124293785310734,1341.3471176151797,6.177034695388985
calendar_only,lgbm,raw,2024_primary,TransnetBW|up,7516.199685725047,120039550.60290913,3496.4604532885946,0.365829799402004,0.786409530446145,1748.2302266442973,0.4406779661016949,13596.342930422343,1.422566470660069,0.768361581920904,23816.761206755637,2.49191463512134,0.8418079096045198,29277.831252447024,3.0632988066358564,0.9745762711864406,33395.01875852011,3.4940744151603305
delay02,lgbm,raw,2023Q4_shift,50Hertz|down,10029.390995544192,227155327.90047982,5403.464669938889,0.7848548020361175,1.4567719352627286,2701.7323349694448,0.3953488372093023,13916.761633068882,2.0214136417458324,0.6744186046511628,25640.922261146232,3.7243513550210747,0.8488372093023255,29911.478694578298,4.344650908896624,0.872093023255814,33044.530235444145,4.799727548992992
delay02,lgbm,raw,2023Q4_shift,50Hertz|up,525.4346426128533,1497367.8817630508,336.9297123918043,1.2862110837132292,2.005818531995964,168.46485619590214,0.45348837209302323,287.2420136339258,1.096530961966442,0.8023255813953488,907.1322042528304,3.4629284761517654,0.8837209302325582,1305.3110206564459,4.982954725313764,0.9302325581395349,1950.262056186943,7.445020669165585
delay02,lgbm,raw,2023Q4_shift,Amprion|down,526.5891878535779,3404849.8226538654,481.01048273980126,0.24702111455676787,0.2704278862203072,240.50524136990066,0.37209302325581395,861.8736341597615,0.4426119458032755,0.8953488372093024,2987.98144496353,1.5344665725488964,0.9651162790697675,4446.950980856723,2.2837148608770743,0.9767441860465116,6671.470140854132,3.426108263876349
delay02,lgbm,raw,2023Q4_shift,Amprion|up,15656.311961085386,604388636.7130525,8846.344708559589,1.9520652883108212,3.4547764222469013,4423.1723542797945,0.38372093023255816,15291.33871474265,3.3742401523162915,0.6395348837209303,31095.85604947245,6.86172008940051,0.7674418604651163,36135.36980494735,7.973756777560409,0.8488372093023255,39919.17383330922,8.808704176160992
delay02,lgbm,raw,2023Q4_shift,TenneT DE|down,24007.682474132755,1180601132.469505,12327.08067559554,0.8615834922823887,1.677982277557431,6163.54033779777,0.27906976744186046,26239.98602138598,1.8340059085120386,0.627906976744186,44947.57451415095,3.141545775407538,0.7906976744186046,55488.53688886026,3.8782911098320283,0.8372093023255814,62858.04629053758,4.393372321174736
delay02,lgbm,raw,2023Q4_shift,TenneT DE|up,4380.000047905719,49464925.449883185,2455.726307716826,0.6874683868733097,1.2261592661921268,1227.863153858413,0.313953488372093,4527.467926515887,1.2674421666135574,0.5697674418604651,7898.366220673963,2.2111084071537737,0.6976744186046512,9910.222817721531,2.774317672390918,0.8255813953488372,11493.220634916319,3.217470051542919
delay02,lgbm,raw,2023Q4_shift,TransnetBW|down,41.85569043368186,64781.72144513204,40.77815416095884,0.18778738907942238,0.19274954902649413,20.389077080479424,0.5232558139534884,26.64422018245901,0.12269924044064624,0.9069767441860465,135.86237198753366,0.6256595138899806,0.9651162790697675,376.31492501409406,1.7329670431152662,0.9883720930232558,837.4916856934436,3.8567311411723306
delay02,lgbm,raw,2023Q4_shift,TransnetBW|up,9246.577245437493,153902616.7662041,4331.2695082422715,0.45317471097548906,0.9674565304097633,2165.6347541211358,0.3372093023255814,14593.67472747474,1.5269159109375228,0.6627906976744186,23244.42122780225,2.4320314983069844,0.872093023255814,29496.691669233176,3.086197867969329,0.9418604651162791,36531.729031468036,3.8222640530140812
delay02,lgbm,raw,2024_primary,50Hertz|down,7471.096947007291,165807922.50282252,3981.090083796354,0.5782544830891392,1.085178986726375,1990.5450418981773,0.4604519774011299,11050.971256381767,1.605156762842761,0.7542372881355932,21397.043420180475,3.1079267291468917,0.8813559322033898,26551.265265535374,3.856578939013566,0.9378531073446328,32339.423265798174,4.697310558251009
delay02,lgbm,raw,2024_primary,50Hertz|up,483.7377123107673,2673726.9045649874,348.9565845996395,1.3321230225158591,1.8466427397197542,174.47829229981977,0.5028248587570622,308.60847655805026,1.1780962867864717,0.8615819209039548,1262.8741200843008,4.820954136268482,0.9265536723163842,2080.6657914263583,7.94282992567751,0.96045197740113,2840.3576400015972,10.842912761672098
delay02,lgbm,raw,2024_primary,Amprion|down,524.8293872088168,2060795.298381861,389.68068339103274,0.20011904144834744,0.2695241472535584,194.8403416955164,0.5169491525423728,881.3427653391064,0.4526102445014251,0.9209039548022598,3819.3287608178225,1.961401843016157,0.980225988700565,5520.445565678465,2.83500394568641,0.9971751412429378,8753.558541024004,4.495356888742382
delay02,lgbm,raw,2024_primary,Amprion|up,11740.762876383158,395531798.09566396,6403.777319338108,1.4130798460811345,2.5907576998554047,3201.888659669055,0.3502824858757062,11734.092516151188,2.5892857948937142,0.5875706214689266,23895.778421116273,5.2729258388375655,0.7542372881355932,29311.81503855554,6.4680473754077825,0.8785310734463276,35991.46149447867,7.942001467675914
delay02,lgbm,raw,2024_primary,TenneT DE|down,16149.755702261838,699744012.2395743,8438.05164096776,0.5897654272091405,1.1287638398448263,4219.025820483881,0.3870056497175141,20706.027595821673,1.447217880436373,0.6694915254237288,37801.23662337493,2.642062814356234,0.7994350282485876,47124.33109006305,3.2936870310607054,0.864406779661017,60573.8396276022,4.233720996944924
delay02,lgbm,raw,2024_primary,TenneT DE|up,3655.4923885140697,37816486.74163084,1935.400986326291,0.5418058966268864,1.0233369442117863,967.7004931631456,0.4915254237288136,4869.302537378717,1.363137068675271,0.6610169491525424,9110.670284546217,2.5504869106015287,0.7824858757062146,11133.289355397941,3.116709076943189,0.8757062146892656,14138.336806289184,3.95795719040363
delay02,lgbm,raw,2024_primary,TransnetBW|down,424.86632780615537,1571680.4278926947,281.610725186697,1.2968449383666043,1.9565510025675934,140.80536259334852,0.423728813559322,244.30567330982194,1.125051525065475,0.7740112994350282,580.2878408469909,2.6722822744027193,0.8954802259887006,1089.4289712318434,5.016926987121347,0.9209039548022598,1550.4187924683351,7.139830210756492
delay02,lgbm,raw,2024_primary,TransnetBW|up,5902.292674194175,88195221.40181084,2931.8281895111095,0.30675311011774864,0.6175486821198006,1465.914094755555,0.5451977401129944,13057.178443589948,1.3661544394937892,0.7937853107344632,21961.973920119402,2.2978508182789894,0.9378531073446328,29477.272897367857,3.084166108848632,0.9830508474576272,39733.4010692025,4.15725055006248
delay07,lgbm,raw,2023Q4_shift,50Hertz|down,10313.565738484209,230631196.30917668,5536.677310289515,0.8042039764746507,1.4980483986501305,2768.3386551447575,0.37209302325581395,13879.8729712961,2.0160555529821313,0.6511627906976745,22200.16738757347,3.2245807170864142,0.8488372093023255,28134.367620426165,4.086525012736072,0.8604651162790697,32630.578586866824,4.739600952625268
delay07,lgbm,raw,2023Q4_shift,50Hertz|up,536.0066019684793,1487825.727707983,355.52815335008336,1.3572096333232058,2.0461764191150427,177.76407667504168,0.46511627906976744,409.0664861427354,1.5615893437162138,0.6976744186046512,805.8527734043646,3.076299687658391,0.8023255813953488,1297.0425476577109,4.951390273663416,0.9069767441860465,2031.3013416444724,7.754383789537897
delay07,lgbm,raw,2023Q4_shift,Amprion|down,581.9486233519109,3380820.1817372567,503.99786819256957,0.2588261994333911,0.29885751498877017,251.99893409628478,0.45348837209302323,1246.6488092652219,0.6402117820208607,0.813953488372093,3496.873785069524,1.795806309525865,0.9651162790697675,4798.5716854819575,2.4642883441471812,0.9767441860465116,7243.579318807001,3.719912768886527
delay07,lgbm,raw,2023Q4_shift,Amprion|up,15703.609255389372,605062223.2595948,9204.523200506648,2.0311022040295637,3.4652132082284033,4602.261600253324,0.36046511627906974,15317.276122028263,3.379963591103617,0.5930232558139535,26301.045929772336,5.803680559282305,0.7441860465116279,32058.935214877518,7.074236498224544,0.8372093023255814,36419.30812092521,8.03641159702562
delay07,lgbm,raw,2023Q4_shift,TenneT DE|down,23930.57628618353,1185713613.7610803,12702.009888406166,0.8877886278723252,1.672593051962323,6351.004944203083,0.23255813953488372,25582.24714111408,1.7880341998497855,0.5930232558139535,42592.03384206165,2.976908663679229,0.7441860465116279,51872.16915991745,3.625530312748225,0.813953488372093,61729.154245321304,4.3144700428232365
delay07,lgbm,raw,2023Q4_shift,TenneT DE|up,4589.832881918925,51999759.12848305,2590.2865828505846,0.7251378677893,1.2849009262292468,1295.1432914252923,0.27906976744186046,4752.44160451562,1.3304224307486217,0.5581395348837209,7257.01331429436,2.031564845405957,0.8023255813953488,9515.332828353883,2.6637701805430196,0.8488372093023255,11374.915766126656,3.184351190922941
delay07,lgbm,raw,2023Q4_shift,TransnetBW|down,42.07561567880682,64812.91690521841,45.79904207658315,0.21090906910480736,0.1937623262947259,22.899521038291578,0.813953488372093,19.662512307222862,0.09054779268185907,0.8953488372093024,118.7814880990153,0.5470003726269221,0.9534883720930233,507.9328454147024,2.339080442229266,0.9883720930232558,836.4419148597683,3.8518968437882584
delay07,lgbm,raw,2023Q4_shift,TransnetBW|up,9822.272382278888,172638677.08940884,4572.851389446186,0.478451087562807,1.0276907127324353,2286.425694723093,0.32558139534883723,14663.170848413376,1.534187193516534,0.6046511627906976,21797.767626603265,2.280670141929267,0.8837209302325582,27370.046010274076,2.863689887338685,0.9651162790697675,36276.47374214179,3.795557046732144
delay07,lgbm,raw,2024_primary,50Hertz|down,7570.030403870185,173543105.0118217,4125.854422295541,0.5992815450160478,1.0995490998748623,2062.9272111477703,0.4632768361581921,11164.206518930174,1.621604217392685,0.7259887005649718,18998.529542079472,2.759541896457843,0.8728813559322034,24554.552936088137,3.5665558971734295,0.940677966101695,29787.923931702666,4.326704543947325
delay07,lgbm,raw,2024_primary,50Hertz|up,485.29751782978303,2671701.242829827,363.5010724760929,1.3876458239358567,1.852597213526036,181.75053623804644,0.4887005649717514,295.5345186146507,1.128187154417503,0.7937853107344632,1243.9168375169295,4.748585728085822,0.9180790960451978,1912.6431550224813,7.301412534129464,0.940677966101695,2785.3179189926705,10.632801582388975
delay07,lgbm,raw,2024_primary,Amprion|down,551.7154746786601,2074284.625608487,423.9777471154077,0.21773216883584864,0.2833313958088131,211.98887355770384,0.5508474576271186,1225.1151655754816,0.6291532607295788,0.8898305084745762,3903.3495830448137,2.0045504185612657,0.9717514124293786,5844.799905719404,3.0015748905270843,0.9971751412429378,9102.454007410477,4.67453083621997
delay07,lgbm,raw,2024_primary,Amprion|up,11801.222918162803,411912869.6114031,6694.856848314666,1.4773104705223474,2.6040990236197468,3347.4284241573337,0.3587570621468927,11289.686451222871,2.491221602072697,0.6214689265536724,21650.762869000657,4.7775328742425405,0.7598870056497176,27397.11156233954,6.045542225940473,0.8757062146892656,33265.06512274993,7.340385331886107
delay07,lgbm,raw,2024_primary,TenneT DE|down,16210.966774116512,724731497.0860921,8713.523427146712,0.6090191296718174,1.1330420992675383,4356.761713573357,0.3870056497175141,20292.450021102177,1.4183114734342714,0.632768361581921,35414.49508152035,2.4752449629181705,0.7740112994350282,45503.73490997166,3.1804178026709766,0.847457627118644,56571.58301404378,3.953989053846129
delay07,lgbm,raw,2024_primary,TenneT DE|up,3648.6286406744716,39842179.161324956,1998.237161004498,0.5593965717389997,1.021415472083412,999.118580502249,0.5,5412.039707042121,1.5150736445682025,0.672316384180791,8298.718344041183,2.3231849962947098,0.7966101694915254,10565.520252765453,2.957764935702074,0.867231638418079,12919.374264073951,3.6167146790038918
delay07,lgbm,raw,2024_primary,TransnetBW|down,417.93231536894655,1581717.038903133,266.6895428801295,1.228131434163635,1.9246191969667814,133.34477144006476,0.3926553672316384,139.81076174820484,0.6438422349934836,0.7542372881355932,550.1484756306286,2.533487549164505,0.8785310734463276,1065.009565027614,4.904473232695345,0.9322033898305084,1523.6108957977788,7.016377224076321
delay07,lgbm,raw,2024_primary,TransnetBW|up,6018.465238212277,96572999.2769271,3051.50804670639,0.3192750472982565,0.6297036560880563,1525.754023353195,0.53954802259887,14118.258314865412,1.4771737522084833,0.7796610169491526,21686.146726892024,2.2689914022735596,0.923728813559322,26897.135290286787,2.8142098957473927,0.9858757062146892,36101.88558087913,3.7772901299842054
delay30,lgbm,raw,2023Q4_shift,50Hertz|down,10516.947772502303,233729959.78665817,5572.561035522546,0.8094160979160606,1.527589697760499,2786.280517761273,0.4186046511627907,12611.578756519117,1.8318354524232803,0.686046511627907,21638.362648200025,3.142978416629644,0.7441860465116279,25331.66463397824,3.679431595463946,0.8488372093023255,31829.631779159572,4.62326319775814
delay30,lgbm,raw,2023Q4_shift,50Hertz|up,551.525579302169,1487284.5176214436,389.2069448960917,1.4857766114773028,2.105419281707328,194.60347244804586,0.4186046511627907,598.5034850057884,2.284754913987113,0.6627906976744186,877.2004728490261,3.34866569887099,0.8488372093023255,1115.0929411396512,4.2568074215917395,0.872093023255814,1683.714104173995,6.427488176152792
delay30,lgbm,raw,2023Q4_shift,Amprion|down,770.8999781980792,3445413.2990884255,573.3643776092463,0.2944491080473995,0.3958927687846013,286.68218880462314,0.26744186046511625,1658.8291313328095,0.8518854278332334,0.6744186046511628,4186.855487612607,2.150143803825687,0.8837209302325582,6814.681760729382,3.499654049734411,0.9302325581395349,9932.696035147192,5.100898490153896
delay30,lgbm,raw,2023Q4_shift,Amprion|up,16157.265336920991,590735572.2900002,9309.872078361512,2.0543488549795312,3.5653185419864375,4654.936039180756,0.37209302325581395,16025.714625888044,3.536290103109129,0.6162790697674418,27041.795574270058,5.967136960314639,0.6744186046511628,30203.159852902663,6.664734632046032,0.7906976744186046,36359.13297060313,8.02313313840429
delay30,lgbm,raw,2023Q4_shift,TenneT DE|down,24254.427359540496,1138740891.2869048,12503.799277921391,0.8739349836492457,1.695228154798528,6251.8996389606955,0.26744186046511625,29139.76571627447,2.036681820361775,0.686046511627907,44549.542296264815,3.1137258886596424,0.7558139534883721,51536.64225287452,3.602079144387084,0.7790697674418605,58852.59335134799,4.113416975514357
delay30,lgbm,raw,2023Q4_shift,TenneT DE|up,4512.761272555981,51124097.40501824,2586.5827704253124,0.7241010038907123,1.2633251118577606,1293.2913852126562,0.3023255813953488,4393.605933309952,1.229968166256209,0.5465116279069767,7624.244581533734,2.1343694153228765,0.6976744186046512,9662.3685543276,2.704932101979565,0.8372093023255814,12048.963710865306,3.373047566324635
delay30,lgbm,raw,2023Q4_shift,TransnetBW|down,42.48743264926315,64715.69391056867,56.9939262013529,0.26246260565134133,0.1956587837301296,28.49696310067645,0.7093023255813954,42.06226260847177,0.19370083409955405,0.9186046511627907,319.4014827807932,1.4708750740102379,0.9767441860465116,910.0666346817271,4.19094588098834,0.9883720930232558,1696.895131715899,7.814368082202043
delay30,lgbm,raw,2023Q4_shift,TransnetBW|up,9650.793877462564,156841968.36697128,4373.327750918208,0.4575752064728334,1.009749155018059,2186.663875459104,0.3023255813953488,15740.462588899902,1.6469027315827363,0.686046511627907,25402.636048466025,2.657842516466009,0.813953488372093,31120.443395937735,3.2560887551664894,0.9767441860465116,40064.97992305219,4.191943184859961
delay30,lgbm,raw,2024_primary,50Hertz|down,7716.639517069765,165630613.78161466,4067.6729542185994,0.5908306699943713,1.120844115859162,2033.8364771092997,0.4350282485875706,12508.894529021063,1.8169205387580585,0.7146892655367232,22256.894317239305,3.23282031998429,0.8248587570621468,27064.58820112904,3.9311392434858674,0.9548022598870056,33822.541841432125,4.912733959194321
delay30,lgbm,raw,2024_primary,50Hertz|up,490.26594268078924,2670917.8931179256,358.0262997086613,1.366746172895009,1.871563908587139,179.01314985433066,0.3954802259887006,501.76780155692535,1.9154716371895617,0.7146892655367232,1404.9242146807946,5.363222744209061,0.9209039548022598,2397.5103844721457,9.152367144871162,0.9491525423728814,3328.6187676843356,12.706823396664033
delay30,lgbm,raw,2024_primary,Amprion|down,596.992614172671,2047872.000564668,542.6432958628113,0.2786724126827394,0.3065832995886376,271.3216479314057,0.3587570621468927,1496.2281264640853,0.7683822966292299,0.7175141242937854,5649.716510550397,2.901390550610662,0.8926553672316384,10749.283302334343,5.520253793440603,0.9774011299435028,14239.001004294898,7.312385123545293
delay30,lgbm,raw,2024_primary,Amprion|up,11799.050602379319,394603362.85963905,6614.940432316585,1.4596758353396242,2.6036196728397476,3307.4702161582927,0.384180790960452,12711.43700924261,2.804950040696786,0.635593220338983,24672.813659126008,5.444389145534792,0.731638418079096,30350.43754172482,6.697233440713774,0.8898305084745762,37947.53092778465,8.373634573560635
delay30,lgbm,raw,2024_primary,TenneT DE|down,16936.300838464296,701344732.640924,8852.139627030221,0.6187075086745593,1.183738275651729,4426.069813515111,0.3615819209039548,23887.901993797423,1.6696103939565643,0.6666666666666666,39065.492993826454,2.730426186630608,0.8163841807909604,50184.88467511443,3.5076000016593634,0.8502824858757062,60626.19133676579,4.237380044013336
delay30,lgbm,raw,2024_primary,TenneT DE|up,3822.788567086266,41106485.25200247,2014.2383585013183,0.5638760275303936,1.0701706787577288,1007.1191792506592,0.4491525423728814,4946.939253394876,1.3848710818485033,0.6638418079096046,8460.730207868792,2.368539413165154,0.7937853107344632,11124.462708569254,3.1142381009888442,0.9067796610169492,13932.382178032705,3.900301214812354
delay30,lgbm,raw,2024_primary,TransnetBW|down,420.36776045362615,1614252.973685905,271.61280108197707,1.2508035198063427,1.9358346598318508,135.80640054098853,0.3898305084745763,395.34398559927666,1.820597728649012,0.748587570621469,908.2569468061334,4.182612091286506,0.903954802259887,1694.3936033372545,7.8028482993035935,0.9463276836158192,2125.896757113309,9.789962534717441
delay30,lgbm,raw,2024_primary,TransnetBW|up,6188.95180281183,90606257.35892326,3201.898117190426,0.3350101514277718,0.6475414284757093,1600.949058595213,0.5790960451977402,14717.416446189303,1.539862835045425,0.788135593220339,25702.96575262751,2.689265596147783,0.8870056497175142,32596.262100114654,3.4105016157481005,0.9915254237288136,42494.178952032154,4.446106904241785
delay60,lgbm,raw,2023Q4_shift,50Hertz|down,10194.223696950254,230545955.33244243,5699.2589776570685,0.8278190105594218,1.4807139326909449,2849.6294888285342,0.4418604651162791,11915.334987282364,1.7307058440974854,0.686046511627907,20905.878569931243,3.0365848929627712,0.7674418604651163,25425.268206546825,3.693027541381183,0.8255813953488372,30866.190802181616,4.483323117930049
delay60,lgbm,raw,2023Q4_shift,50Hertz|up,549.1254520719892,1511750.8168713716,417.02090195080126,1.5919548989062553,2.0962569248944947,208.5104509754007,0.20930232558139536,214.16718776298936,0.8175717383693399,0.4069767441860465,630.101341394944,2.4053780339274824,0.6627906976744186,884.0927242078216,3.3749764983148562,0.813953488372093,1349.1465412404339,5.150294471147459
delay60,lgbm,raw,2023Q4_shift,Amprion|down,1121.6760577785037,3771362.813896324,692.0264289350638,0.35538755580665954,0.576032498056743,346.0132144675319,0.3023255813953488,2625.4699846714034,1.3483001828874825,0.5581395348837209,6290.021456484297,3.23021673439752,0.7441860465116279,7840.1773653951095,4.026293439784098,0.9186046511627907,10360.061703873544,5.320370513322231
delay60,lgbm,raw,2023Q4_shift,Amprion|up,15651.392387673643,596436772.9582969,9555.211471562765,2.108486301473111,3.4536908520134606,4777.6057357813825,0.3488372093023256,13637.956987864918,3.0093991718102373,0.6046511627906976,24413.894053549084,5.387255041997,0.6511627906976745,28833.234007647927,6.362442015357228,0.7325581395348837,34075.755548339686,7.519275109697778
delay60,lgbm,raw,2023Q4_shift,TenneT DE|down,23743.16136004721,1114540283.4480147,12417.43886338294,0.8678989472582209,1.6594939564979725,6208.71943169147,0.313953488372093,30356.660897506477,2.121734950748368,0.6627906976744186,48473.473345861064,3.3879833796387957,0.7790697674418605,56501.16037167349,3.949066965012129,0.813953488372093,67413.13181064991,4.711743441908374
delay60,lgbm,raw,2023Q4_shift,TenneT DE|up,4332.476117174829,47416891.96023567,2494.6093300940047,0.698353495928989,1.2128551777459597,1247.3046650470026,0.27906976744186046,4801.0868236692695,1.3440404183214105,0.5465116279069767,8282.562533651204,2.318662257391548,0.6976744186046512,10282.163479421404,2.878440613904353,0.7906976744186046,12703.965321998041,3.5564120152006553
delay60,lgbm,raw,2023Q4_shift,TransnetBW|down,42.53781419094917,64811.389459333426,50.8167069958676,0.23401590691675409,0.19589079565822407,25.408353497933806,0.8255813953488372,88.97275724561419,0.40972825097481763,0.9186046511627907,233.5827223667982,1.0756712869882687,0.9767441860465116,504.9591825250874,2.3253864337207157,0.9883720930232558,1418.5184842115439,6.532416387939864
delay60,lgbm,raw,2023Q4_shift,TransnetBW|up,9255.644473648894,148079460.39325818,4340.66130238326,0.4541573613479225,0.9684052218999213,2170.3306511916303,0.37209302325581395,17208.322443571637,1.8004828687982886,0.7093023255813954,27078.57139221797,2.833193303013257,0.8255813953488372,31132.68437846375,3.2573695121611137,0.9418604651162791,41056.83755114545,4.295719870444787
delay60,lgbm,raw,2024_primary,50Hertz|down,7765.283317032913,171782226.3005096,4146.253423444274,0.6022445058173636,1.1279096418359964,2073.126711722137,0.3785310734463277,10101.844167190566,1.4672957793447972,0.7062146892655368,18880.522252153685,2.7424013035547774,0.8361581920903954,25731.32610147617,3.7374825389076274,0.923728813559322,33591.995830994616,4.87924708467309
delay60,lgbm,raw,2024_primary,50Hertz|up,491.34912409806213,2690423.9574755454,385.4852935307876,1.4715694072453287,1.8756988954800387,192.7426467653938,0.3785310734463277,135.16694403984016,0.5159925503201692,0.6892655367231638,646.4542560194265,2.4678044073444,0.884180790960452,1311.6634412437165,5.007204749776594,0.9293785310734464,2046.0010979094602,7.810499319693114
delay60,lgbm,raw,2024_primary,Amprion|down,706.9843638721205,1824281.007871658,528.5307317539359,0.2714249587487385,0.3630691467328559,264.265365876968,0.4858757062146893,1837.6329757883639,0.9437094660389421,0.751412429378531,5883.3500941114335,3.0213721940052367,0.9209039548022598,9111.00795860443,4.678923685510403,0.9887005649717514,12792.74126209412,6.569663901708066
delay60,lgbm,raw,2024_primary,Amprion|up,11975.32972100745,415487658.4746467,7098.167707593381,1.5663064518834422,2.6425180381945426,3549.0838537966915,0.3248587570621469,10306.719149924742,2.2743166077927404,0.5649717514124294,19015.40285372089,4.196005138492851,0.7033898305084746,25478.459273225537,5.62216571764167,0.844632768361582,34238.01765469889,7.555080432219918
delay60,lgbm,raw,2024_primary,TenneT DE|down,16734.192206622774,727780621.5676174,8844.691991112506,0.6181869669232639,1.1696121848582153,4422.345995556253,0.3305084745762712,20979.507905292307,1.466332391512029,0.632768361581921,36132.26554556865,2.5254124923881607,0.7655367231638418,47067.67116779943,3.2897268676626523,0.8615819209039548,66993.09838434192,4.682385812487629
delay60,lgbm,raw,2024_primary,TenneT DE|up,3774.7341402230027,40264285.05699994,1937.6597155739328,0.5424382166649054,1.0567180805532799,968.8298577869666,0.4519774011299435,4867.468552477349,1.3626236537080851,0.6242937853107344,8015.680783147086,2.2439500364374254,0.7570621468926554,10448.832571603683,2.925098798728996,0.8898305084745762,14552.592670397567,4.073926062731335
delay60,lgbm,raw,2024_primary,TransnetBW|down,419.12633441201655,1616974.6542953923,277.4317033692117,1.2776001340796352,1.930117771466357,138.71585168460584,0.4943502824858757,434.31597737196546,2.0000675632406097,0.788135593220339,892.3015199171227,4.109135789605261,0.8757062146892656,1431.3973516430813,6.5917248323515985,0.9293785310734464,2017.2184145896335,9.289488135816393
delay60,lgbm,raw,2024_primary,TransnetBW|up,6355.234662253354,96606454.75955148,3256.254203646878,0.3406973532337979,0.6649393730331172,1628.1271018234393,0.4463276836158192,13243.584729325776,1.385657870185783,0.7909604519774012,24585.079721363607,2.572302733837434,0.8983050847457628,31595.70673204591,3.3058148977138915,0.9491525423728814,46321.315181829974,4.846534850713834
fixed_cohort,lgbm,raw,2023Q4_shift,50Hertz|down,9151.656359515035,164981960.53064317,4546.33329819557,0.6603562230352934,1.3292807261810011,2273.166649097785,0.36046511627906974,12415.930348131267,1.8034174646666097,0.6744186046511628,21047.916681849143,3.057215969692319,0.8023255813953488,26008.415330416257,3.7777298293425945,0.872093023255814,31841.748438892057,4.625023146079554
fixed_cohort,lgbm,raw,2023Q4_shift,50Hertz|up,532.1589764548223,1478130.7294809895,344.90930917837665,1.316672765936484,2.031488315336624,172.45465458918832,0.4883720930232558,439.0524933235092,1.676059315860926,0.7558139534883721,855.8957230716358,3.267335960674582,0.8372093023255814,1332.0957884512698,5.085204138011228,0.9069767441860465,2070.5156523025526,7.904082314641389
fixed_cohort,lgbm,raw,2023Q4_shift,Amprion|down,489.52281317823423,2054145.3140183089,405.6327557003691,0.20831116786292708,0.25139258966558514,202.8163778501846,0.37209302325581395,989.9837208802408,0.5084023964134248,0.8372093023255814,3186.0483007800067,1.636183057399409,0.9651162790697675,4725.307770345226,2.426663937562975,0.9883720930232558,6808.633487800166,3.4965479820420633
fixed_cohort,lgbm,raw,2023Q4_shift,Amprion|up,13602.227062299276,422333779.46489114,7704.516321044315,1.7001054524794394,3.0015148817731188,3852.2581605221576,0.4069767441860465,12967.650968952548,2.861487106977563,0.5813953488372093,23419.30268308775,5.167785040059082,0.7093023255813954,27241.84631304165,6.011280854309535,0.7558139534883721,30739.44120003004,6.783072345190195
fixed_cohort,lgbm,raw,2023Q4_shift,TenneT DE|down,19166.82850888852,636943502.2079834,8720.482260259376,0.6095055072573302,1.3396377842613587,4360.241130129688,0.32558139534883723,27895.537955239528,1.9497183188030092,0.686046511627907,43363.39821384147,3.0308220618916697,0.7906976744186046,52746.96076280171,3.686672607835534,0.8372093023255814,63613.053844471084,4.44614248323796
fixed_cohort,lgbm,raw,2023Q4_shift,TenneT DE|up,4639.190784995547,49225754.43254229,2536.432494468325,0.7100616831386144,1.2987184261277114,1268.2162472341624,0.27906976744186046,5023.601465493724,1.4063322874886113,0.5232558139534884,7435.616998231818,2.081564059935801,0.7209302325581395,9705.759944943142,2.717079306338991,0.813953488372093,12090.942922418822,3.384799438167283
fixed_cohort,lgbm,raw,2023Q4_shift,TransnetBW|down,42.28224898087925,64825.30642932839,46.24489947501999,0.2129622860411041,0.19471389286490165,23.122449737510003,0.627906976744186,22.69402637175479,0.1045082115102579,0.9302325581395349,144.16861314708044,0.6639105669969574,0.9534883720930233,437.4550300844308,2.0145232080628293,0.9767441860465116,730.8348080351468,3.3655657857283954
fixed_cohort,lgbm,raw,2023Q4_shift,TransnetBW|up,9907.152853228605,170496869.95140803,4486.566247438228,0.46942319303522684,1.0365716384787789,2243.2831237191144,0.3488372093023256,16931.74205915164,1.771544647444825,0.7093023255813954,24487.3475624509,2.5620771538350815,0.8953488372093024,29939.999483122425,3.132580548624536,0.9302325581395349,37989.673777112715,3.9748067861477416
fixed_cohort,lgbm,raw,2024_primary,50Hertz|down,5635.713702170832,98669387.38022353,3078.560733865842,0.44716183466075415,0.8185890409642576,1539.280366932921,0.5028248587570622,11550.816318003685,1.6777594022327282,0.751412429378531,20537.586165309294,2.983090314950802,0.923728813559322,26102.215202560248,3.791354287829786,0.9661016949152542,31896.98078634642,4.633045660480074
fixed_cohort,lgbm,raw,2024_primary,50Hertz|up,445.6561240220742,2597360.1688601994,348.53006279539926,1.3304947984326676,1.7012683214334778,174.26503139769966,0.4887005649717514,396.1763226432992,1.5123818367671953,0.8050847457627118,1115.764441701916,4.259370838928173,0.9096045197740112,1911.913604812902,7.298627515381711,0.9491525423728814,2736.4196879996116,10.44613521143946
fixed_cohort,lgbm,raw,2024_primary,Amprion|down,513.2247269686596,1820189.0438027063,415.6819269342965,0.21347188175098458,0.26356461786815233,207.8409634671483,0.5734463276836158,1248.0907166398415,0.6409522681007843,0.8361581920903954,3814.0125533447476,1.9586717247706382,0.9689265536723164,5903.273977187066,3.031604028820163,0.9915254237288136,8902.196695969838,4.57168945116648
fixed_cohort,lgbm,raw,2024_primary,Amprion|up,10127.439137710466,307356097.01749307,5788.998953336862,1.2774207068759558,2.2347560547891017,2894.499476668431,0.3248587570621469,9584.302763866319,2.1149056875324086,0.6271186440677966,19321.264568730472,4.263497651679197,0.7711864406779662,24313.874430921234,5.365184363099211,0.8248587570621468,28504.118222158653,6.289818177845319
fixed_cohort,lgbm,raw,2024_primary,TenneT DE|down,12894.999843065756,393435236.75574213,6408.593869181818,0.44791940863666185,0.9012773818998879,3204.2969345909096,0.4067796610169492,20384.484514328753,1.4247440913566625,0.6497175141242938,35996.23285158252,2.5159046837971792,0.768361581920904,46972.53544908828,3.2830774940660135,0.844632768361582,57278.15040541733,4.0033735607389636
fixed_cohort,lgbm,raw,2024_primary,TenneT DE|up,3294.678266530718,34091221.14055549,1816.2665595908738,0.5084548053788474,0.9223288222474035,908.1332797954369,0.536723163841808,5789.682810997702,1.6207929564778218,0.7062146892655368,8827.829743539223,2.471307105483411,0.7994350282485876,11185.394478960423,3.1312956475763944,0.8926553672316384,13486.104614629037,3.7753680267584646
fixed_cohort,lgbm,raw,2024_primary,TransnetBW|down,413.4235924873542,1553589.7806664866,260.22406426812944,1.198357272662751,1.9038560870262269,130.11203213406472,0.4293785310734463,152.09830776994968,0.7004275864664512,0.7655367231638418,544.1398408421239,2.5058171981620716,0.8954802259887006,1061.7601843682728,4.889509516884808,0.923728813559322,1524.2780757780986,7.019449653153317
fixed_cohort,lgbm,raw,2024_primary,TransnetBW|up,6015.997950877045,92343501.98473671,3074.767893499415,0.3217086927520212,0.6294455072421097,1537.3839467497075,0.5677966101694916,14836.117165494921,1.5522823263889076,0.768361581920904,22813.02311047529,2.386894912656291,0.9350282485875706,29044.195271353627,3.038853798537424,0.9887005649717514,36941.26953702481,3.8651137071132475
forecast_proxy,lgbm,raw,2023Q4_shift,50Hertz|down,10358.868635732482,189055228.7938082,4781.610009841578,0.6945302332717155,1.5046286575438856,2390.805004920789,0.27906976744186046,11909.909566020575,1.7299178000941493,0.5930232558139535,21367.25656866087,3.10360018037111,0.8023255813953488,26805.579171888243,3.8935181072727847,0.872093023255814,30333.79956852177,4.405993137663039
forecast_proxy,lgbm,raw,2023Q4_shift,50Hertz|up,521.1125658000726,1455024.5322398155,319.76001667227007,1.220666692327622,1.9893192358614815,159.88000833613506,0.45348837209302323,436.66363182615964,1.6669399653781944,0.7209302325581395,954.1149530826193,3.642282596805623,0.8372093023255814,1382.775178559484,5.278669988233458,0.9186046511627907,1923.1677696967733,7.341589685469991
forecast_proxy,lgbm,raw,2023Q4_shift,Amprion|down,581.9320573350332,3349973.3393897256,496.12703976918294,0.2547841652586769,0.29884900757344407,248.0635198845915,0.38372093023255816,1323.335737030541,0.6795940637969747,0.8953488372093024,3609.262605262446,1.8535231631579172,0.9651162790697675,5963.413127184704,3.0624882618961164,0.9767441860465116,8029.782715460547,4.123664550351819
forecast_proxy,lgbm,raw,2023Q4_shift,Amprion|up,13246.667941316053,407204983.3140054,7171.573809187268,1.5825044983752314,2.923055965590248,3585.786904593634,0.3372093023255814,13805.518459962315,3.046373870865669,0.5930232558139535,25351.176599231978,5.594079078708666,0.7558139534883721,30803.72530995091,6.797257501172764,0.7674418604651163,33375.15835012503,7.364678887554256
forecast_proxy,lgbm,raw,2023Q4_shift,TenneT DE|down,20065.390175838882,701987969.1502123,9910.48843470434,0.6926792693667734,1.4024414536309333,4955.24421735217,0.23255813953488372,20078.712867504848,1.4033726239148179,0.5232558139534884,34583.029526005004,2.4171308793094157,0.8023255813953488,45294.56578751111,3.165798229087429,0.813953488372093,50147.901900945784,3.5050151440956747
forecast_proxy,lgbm,raw,2023Q4_shift,TenneT DE|up,4214.345207340503,42221430.07436283,2146.6586355333257,0.6009464266031423,1.179785016071801,1073.3293177666628,0.26744186046511625,4441.389601553051,1.2433449669292915,0.5813953488372093,8157.035307695491,2.2835215337427925,0.7441860465116279,10012.18590626443,2.80286173276969,0.8837209302325582,11504.415933067155,3.220604119674264
forecast_proxy,lgbm,raw,2023Q4_shift,TransnetBW|down,42.47335567862963,64805.50081976569,45.18176245762543,0.20806643607344297,0.19559395790326703,22.590881228812716,0.813953488372093,15.994501495627972,0.07365624406723437,0.9069767441860465,137.32360635158236,0.6323886410832988,0.9651162790697675,520.7254992390817,2.397991864546098,0.9883720930232558,870.1934093582896,4.007325777731372
forecast_proxy,lgbm,raw,2023Q4_shift,TransnetBW|up,8575.291855495183,130330293.74241957,3550.7826560333915,0.3715134560023561,0.8972208727139601,1775.3913280166958,0.4069767441860465,12570.000157788372,1.3151816523140647,0.6744186046511628,23718.30030021485,2.4816128072671524,0.8488372093023255,28422.33217781496,2.973789127049208,0.9418604651162791,32844.81724827712,3.4365075955689464
forecast_proxy,lgbm,raw,2024_primary,50Hertz|down,7104.081761335497,141044004.3354671,3784.774745156778,0.5497396235210168,1.0318699251353525,1892.387372578389,0.4265536723163842,10359.38989823556,1.5047043710728254,0.692090395480226,18711.552539316926,2.717858404022856,0.844632768361582,24701.159922689785,3.587850604268766,0.903954802259887,30904.05020109899,4.48882220654403
forecast_proxy,lgbm,raw,2024_primary,50Hertz|up,487.07167158136406,2651454.0543770916,355.16591681080297,1.3558268147868382,1.8593699501994978,177.58295840540148,0.4096045197740113,363.5595925859365,1.3878692213126171,0.751412429378531,1291.63163394222,4.930734401124081,0.9152542372881356,1945.1851470229442,7.42563984106531,0.9548022598870056,2796.088665389992,10.673918328364735
forecast_proxy,lgbm,raw,2024_primary,Amprion|down,546.7514309195857,2044886.0380575852,440.3896924563711,0.2261604613068936,0.2807821299069752,220.1948462281856,0.53954802259887,1267.852536381933,0.6511008759035837,0.864406779661017,3760.8440656331077,1.9313672489533578,0.9717514124293786,6471.989396737612,3.323665682035712,0.9915254237288136,9602.565068612132,4.931360980620434
forecast_proxy,lgbm,raw,2024_primary,Amprion|up,9238.137034150512,266461731.80374494,4983.134673758772,1.099595883281654,2.038519549840173,2491.567336879386,0.3813559322033898,11555.700211132013,2.549921126456959,0.6384180790960452,20150.862420266138,4.446559608068153,0.7853107344632768,26131.773506399048,5.766328315748823,0.8785310734463276,31364.97423963176,6.92110464819514
forecast_proxy,lgbm,raw,2024_primary,TenneT DE|down,12623.206579185475,434307796.16629297,6612.898351197405,0.4621989752052833,0.8822807844381383,3306.4491755987024,0.3898305084745763,16791.426739601604,1.173612509841946,0.6468926553672316,30123.439537315397,2.1054342807619952,0.8389830508474576,40672.925103203415,2.8427753313186654,0.8728813559322034,49796.36711139074,3.4804451279163207
forecast_proxy,lgbm,raw,2024_primary,TenneT DE|up,3419.2535308033875,32661366.482062735,1884.5492538850765,0.5275702066148437,0.9572030489495936,942.2746269425382,0.480225988700565,5491.831531522344,1.5374109696555807,0.6610169491525424,9082.997125451511,2.5427399471134784,0.7966101694915254,11479.92885531571,3.2137490838389886,0.8728813559322034,14100.995336173686,3.947503631249619
forecast_proxy,lgbm,raw,2024_primary,TransnetBW|down,417.3716029623607,1585055.8987863304,260.99524046453473,1.201908614488365,1.92203706148214,130.49762023226737,0.3615819209039548,128.48672133625718,0.5916939211096383,0.7796610169491526,651.2686221336209,2.9991557160013897,0.9124293785310734,1187.5044275157113,5.468574057648962,0.9463276836158192,1673.415024358773,7.706239890854905
forecast_proxy,lgbm,raw,2024_primary,TransnetBW|up,5556.979386141396,75341859.8844182,2840.9293436989547,0.2972424901712088,0.5814190325536578,1420.4646718494776,0.5254237288135594,12734.844594449865,1.3324290966944785,0.8022598870056498,22713.546126710145,2.3764867740538107,0.9322033898305084,28732.483490887877,3.0062398280256812,0.9830508474576272,37319.22811302905,3.9046589878018505
main,arx,adaptive,2023Q4_shift,50Hertz|down,10396.083600649683,239361713.49818155,5445.916033072602,0.7910208747771558,1.5100341419334413,2722.958016536301,0.36046511627906974,8712.972762100248,1.2655618071102543,0.7558139534883721,21615.154731432427,3.1396074600244055,0.8372093023255814,34962.42472756456,5.078302277224973,0.9534883720930233,52795.399845181935,7.66854705730436
main,arx,adaptive,2023Q4_shift,50Hertz|up,666.0461653013678,1448582.2872206206,615.3858924819538,2.349202597931223,2.542595468930069,307.69294624097694,0.5,3251.636567574077,12.41294798173683,0.6976744186046512,7292.906339365637,27.84027831676244,0.8372093023255814,8356.948423606436,31.902201833606696,0.9069767441860465,12063.44616563975,46.051557922503754
main,arx,adaptive,2023Q4_shift,Amprion|down,793.4547105982475,3465677.8060013996,521.3856636506697,0.2677556360420906,0.40747566632206117,260.69283182533485,0.3488372093023256,480.60556819108695,0.24681317222138685,0.6395348837209303,1202.8157092395252,0.6177014592496145,0.9069767441860465,1789.3992856043792,0.9189392368319442,0.9651162790697675,4064.3224631550465,2.0872174324520056
main,arx,adaptive,2023Q4_shift,Amprion|up,17884.529052876,727938206.2109094,8618.897813661535,1.9018760629197993,3.9464625799767385,4309.4489068307685,0.4186046511627907,12126.771006549703,2.6759356006413406,0.6976744186046512,37946.86286814143,8.373487157188897,0.8488372093023255,53571.030560625164,11.82117051297472,0.9534883720930233,66011.98559969566,14.566435058421018
main,arx,adaptive,2023Q4_shift,TenneT DE|down,26138.218508136084,1356939803.627548,12626.62940343124,0.8825200177931184,1.826893015218469,6313.31470171562,0.3488372093023256,24133.12126592071,1.68674964066152,0.7441860465116279,54948.80632350906,3.840567421829607,0.8953488372093024,88490.2592020642,6.1848988063513985,0.9534883720930233,108360.67849441929,7.57371305179687
main,arx,adaptive,2023Q4_shift,TenneT DE|up,4942.154411953662,44343840.459269255,2387.5252237903906,0.6683758320545649,1.3835315892443398,1193.7626118951955,0.37209302325581395,6446.958621757254,1.804794056247699,0.6744186046511628,11911.210521131256,3.334484244819492,0.8604651162790697,14793.364802339931,4.141329025606443,0.9302325581395349,18132.2603147071,5.076036246281897
main,arx,adaptive,2023Q4_shift,TransnetBW|down,99.99537360248672,64149.337780150956,224.23617892501923,1.032629540102887,0.4604884775978991,112.11808946250963,0.4186046511627907,82.24513304837599,0.3787468834092289,0.627906976744186,3017.848608636805,13.897488067163353,0.813953488372093,6776.000845296846,31.20414676239808,0.8953488372093024,7799.111368403817,35.915670808228576
main,arx,adaptive,2023Q4_shift,TransnetBW|up,9392.095626947024,182639173.08482236,4622.6792630837335,0.48366450875288725,0.9826819164903828,2311.3396315418668,0.36046511627906974,6728.168053531266,0.7039588756255712,0.7790697674418605,20544.687123546275,2.149562069868352,0.8953488372093024,29574.12487372004,3.094299596572563,0.9418604651162791,36013.37347773829,3.7680292316073323
main,arx,adaptive,2024_primary,50Hertz|down,7700.0351776484895,165564648.9140341,4107.473867468333,0.5966117641251911,1.1184323307683985,2053.7369337341665,0.5875706214689266,10351.193724446108,1.503513874465572,0.8050847457627118,17884.271584006696,2.597695606619833,0.9124293785310734,34030.17057078482,4.942892092027077,0.9661016949152542,53173.40215668891,7.723452002092378
main,arx,adaptive,2024_primary,50Hertz|up,676.6573057248311,2491395.0690082484,645.5830855806706,2.4644787609768635,2.5831029276715674,322.79154279033537,0.576271186440678,3392.6155003585714,12.95112748698218,0.8107344632768362,7435.389862980942,28.384201516706916,0.903954802259887,8489.062702642794,32.40654099920616,0.943502824858757,9893.853841406006,37.769255733246105
main,arx,adaptive,2024_primary,Amprion|down,761.6881277743362,1897720.5302394251,429.5128401294258,0.22057469492324325,0.39116205783243646,214.75642006471293,0.5790960451977402,1153.9563427932703,0.5926099163640092,0.8305084745762712,1755.847558346588,0.9017088741685015,0.8954802259887006,2030.278659133555,1.0426419282660104,0.9491525423728814,3577.212325431776,1.8370638631432208
main,arx,adaptive,2024_primary,Amprion|up,12722.13906003763,465502469.3308735,6539.878114059714,1.443112322300436,2.8073115925646985,3269.939057029857,0.5451977401129944,11025.088215897822,2.4328344322819295,0.8361581920903954,37783.72294670651,8.337488132929453,0.9124293785310734,54540.544028566226,12.035106737445645,0.9491525423728814,64960.08016282711,14.334317934620755
main,arx,adaptive,2024_primary,TenneT DE|down,18033.02753574992,812866669.3482777,9480.423777402417,0.6626205215499453,1.2603924034856921,4740.211888701208,0.5,20460.481890462157,1.430055818152038,0.7711864406779662,44105.888197837885,3.082717326490919,0.8757062146892656,66607.81723048138,4.655457142935646,0.943502824858757,82559.81386421037,5.770398898429684
main,arx,adaptive,2024_primary,TenneT DE|up,4186.120331593363,32460991.89386718,2014.4330414161564,0.5639305280457787,1.1718836022462404,1007.2165207080783,0.5819209039548022,8054.526094334126,2.254824588432666,0.8163841807909604,12963.573521710106,3.629088041724583,0.8898305084745762,16303.597203141118,4.5641110877279685,0.9519774011299436,20121.94881170318,5.633039661976871
main,arx,adaptive,2024_primary,TransnetBW|down,426.6317213832911,1530491.1950809911,353.6110548746506,1.6284135000918247,1.9646808126918902,176.80552743732534,0.559322033898305,208.44760577196223,0.9599216161983606,0.8389830508474576,3313.0547423387875,15.256941191728785,0.923728813559322,6859.765601166292,31.589891657557132,0.9548022598870056,7879.101223713141,36.284031917024414
main,arx,adaptive,2024_primary,TransnetBW|up,5540.4670010134805,92447649.65610406,2998.5284273063503,0.3137318633279412,0.5796913646392924,1499.2642136531754,0.5677966101694916,6817.796786053413,0.7133366053832161,0.7994350282485876,13807.965473343493,1.444708243307024,0.9011299435028248,20295.199578727043,2.123458534680738,0.9491525423728814,25986.923605932818,2.7189757118207916
main,arx,raw,2023Q4_shift,50Hertz|down,10396.083600649683,239361713.49818155,5991.126681995563,0.8702128788091268,1.5100341419334413,2995.5633409977813,0.3372093023255814,7263.458402991066,1.0550194283109102,0.5348837209302325,13239.81670709051,1.923087195970419,0.6627906976744186,27877.905983034154,4.049273885923866,0.8372093023255814,50452.10719070564,7.328183123276365
main,arx,raw,2023Q4_shift,50Hertz|up,666.0461653013678,1448582.2872206206,630.0790573932263,2.4052929659475906,2.542595468930069,315.0395286966132,0.3372093023255814,2996.2196536028787,11.43790762870451,0.5,7087.754097824756,27.05712065148759,0.5116279069767442,8093.469705241805,30.896385975226536,0.5116279069767442,9296.159261225961,35.48758876999255
main,arx,raw,2023Q4_shift,Amprion|down,793.4547105982475,3465677.8060013996,636.9185549197549,0.3270871154865693,0.40747566632206117,318.45927745987746,0.32558139534883723,353.5234728798669,0.18155064271229882,0.4069767441860465,621.6389901368682,0.3192403527692322,0.43023255813953487,699.5833308391229,0.3592683742044296,0.5697674418604651,1206.473803069188,0.6195800595034169
main,arx,raw,2023Q4_shift,Amprion|up,17884.529052876,727938206.2109094,9154.914131425758,2.0201552937600016,3.9464625799767385,4577.45706571288,0.3023255813953488,9169.04042956979,2.023272451995155,0.6395348837209303,35742.032370463734,7.886961566911906,0.7906976744186046,51597.173140998755,11.385612247966204,0.813953488372093,56750.65827437282,12.522798258019774
main,arx,raw,2023Q4_shift,TenneT DE|down,26138.218508136084,1356939803.627548,17028.59750117724,1.190189217531558,1.826893015218469,8514.298750588621,0.12790697674418605,8157.338342351113,0.5701453768081517,0.3023255813953488,27937.80100493649,1.9526722335952194,0.5581395348837209,49882.74862781739,3.4864826391933303,0.6046511627906976,52805.18042242082,3.6907417868223664
main,arx,raw,2023Q4_shift,TenneT DE|up,4942.154411953662,44343840.459269255,2680.106755498826,0.7502825791543779,1.3835315892443398,1340.053377749413,0.313953488372093,5893.703535168743,1.6499130417342873,0.46511627906976744,9547.282615004153,2.6727143646812865,0.5697674418604651,11812.645828925888,3.306891548621972,0.627906976744186,14515.428340787319,4.063522093182245
main,arx,raw,2023Q4_shift,TransnetBW|down,99.99537360248672,64149.337780150956,232.12126615299368,1.0689411381551224,0.4604884775978991,116.06063307649688,0.3953488372093023,69.89004172869707,0.3218504792315812,0.4883720930232558,2967.8059109543765,13.667036548853307,0.5232558139534884,6706.696227295876,30.88499221670241,0.686046511627907,7733.79344841373,35.61487539687617
main,arx,raw,2023Q4_shift,TransnetBW|up,9392.095626947024,182639173.08482236,5550.67787636362,0.5807597143406444,0.9826819164903828,2775.33893818181,0.313953488372093,5130.960598567019,0.5368452787011768,0.4883720930232558,11945.551067141623,1.2498464115412993,0.6627906976744186,18401.170904330764,1.9252889459572806,0.7325581395348837,23666.95977086334,2.4762411190113363
main,arx,raw,2024_primary,50Hertz|down,7700.0351776484895,165564648.9140341,4389.672577863064,0.6376012082153679,1.1184323307683985,2194.8362889315326,0.4209039548022599,7162.792203051113,1.040397633730639,0.6242937853107344,12818.065739787407,1.8618277463079194,0.7655367231638418,27343.55345675556,3.9716590273382124,0.9152542372881356,49771.10187295791,7.229266904425158
main,arx,raw,2024_primary,50Hertz|up,676.6573057248311,2491395.0690082484,701.1842262261349,2.6767331295738725,2.5831029276715674,350.5921131130675,0.19491525423728814,3001.9599162044747,11.459820772930305,0.3220338983050847,7107.5995245053855,27.132879502128695,0.3418079096045198,8116.246492912731,30.983335139032132,0.3672316384180791,9322.879142819296,35.58959048310027
main,arx,raw,2024_primary,Amprion|down,761.6881277743362,1897720.5302394251,567.60001275142,0.29148884027156735,0.39116205783243646,283.80000637571,0.22598870056497175,431.6126035641393,0.22165302049526417,0.3389830508474576,741.5697122740437,0.38083032162641567,0.3954802259887006,831.8142435406894,0.42717505941500705,0.5536723163841808,1361.3795167473695,0.6991313030148707
main,arx,raw,2024_primary,Amprion|up,12722.13906003763,465502469.3308735,6625.674176730849,1.4620443808321377,2.8073115925646985,3312.8370883654243,0.4604519774011299,8106.326775072479,1.78877034918303,0.7542372881355932,34632.32298648676,7.642089222464573,0.844632768361582,50500.844457766725,11.143692535630553,0.8785310734463276,55671.36282926822,12.284637159438333
main,arx,raw,2024_primary,TenneT DE|down,18033.02753574992,812866669.3482777,11342.977136863354,0.7928009973850417,1.2603924034856921,5671.488568431677,0.192090395480226,6348.9637822806135,0.4437516498728895,0.519774011299435,24258.566452421546,1.6955174507148265,0.7090395480225988,45176.56225812985,3.1575505429059607,0.7542372881355932,47862.12239446609,3.3452538882389513
main,arx,raw,2024_primary,TenneT DE|up,4186.120331593363,32460991.89386718,2212.847384922917,0.6194756383597774,1.1718836022462404,1106.4236924614586,0.3813559322033898,5919.881018272533,1.6572412981548887,0.5677966101694916,9618.887496430634,2.6927597957099123,0.6694915254237288,11906.885801868153,3.33327356113453,0.7090395480225988,14634.15008734789,4.096757656664342
main,arx,raw,2024_primary,TransnetBW|down,426.6317213832911,1530491.1950809911,362.93632724437504,1.671357291609529,1.9646808126918902,181.46816362218755,0.21468926553672316,83.68936219075353,0.3853976998931969,0.5084745762711864,2987.1269795415465,13.756011959802212,0.5847457627118644,6728.136796006281,30.983728133061266,0.6666666666666666,7760.4287864156595,35.73753373400657
main,arx,raw,2024_primary,TransnetBW|up,5540.4670010134805,92447649.65610406,3173.825760084389,0.33207297970624305,0.5796913646392924,1586.912880042195,0.4491525423728814,4352.588859249933,0.4554053250512692,0.711864406779661,10772.356261911957,1.1270966690544455,0.8192090395480226,17171.976599144837,1.7966800535932015,0.8728813559322034,22443.987512975615,2.348283230811434
main,arx,rolling,2023Q4_shift,50Hertz|down,10396.083600649683,239361713.49818155,5536.760650018363,0.8042160815943067,1.5100341419334413,2768.3803250091814,0.3372093023255814,7976.33997172061,1.1585656818125087,0.7325581395348837,19489.161060846258,2.830806266090289,0.8255813953488372,33391.939012659364,4.850188774099873,0.9418604651162791,52597.54139676274,7.63980806059561
main,arx,rolling,2023Q4_shift,50Hertz|up,666.0461653013678,1448582.2872206206,615.5993637847316,2.3500175131660312,2.542595468930069,307.79968189236587,0.4883720930232558,3235.612769462487,12.35177799293411,0.7441860465116279,7299.230011094162,27.86441859400085,0.8372093023255814,8360.97578274744,31.91757606085571,0.9069767441860465,12051.581128716058,46.006263781207664
main,arx,rolling,2023Q4_shift,Amprion|down,793.4547105982475,3465677.8060013996,528.8379455778481,0.27158272724633503,0.40747566632206117,264.41897278892407,0.3372093023255814,424.9766187793766,0.21824513560182715,0.5581395348837209,1061.3584344261053,0.5450566106643165,0.8953488372093024,1640.6979550992658,0.8425742308382649,0.9651162790697675,4004.5623955553806,2.0565278757080985
main,arx,rolling,2023Q4_shift,Amprion|up,17884.529052876,727938206.2109094,8667.053240884024,1.9125022075051261,3.9464625799767385,4333.526620442012,0.3953488372093023,11343.211197366489,2.503032559304728,0.6744186046511628,37462.82154372056,8.26667690972073,0.8372093023255814,53022.535876243644,11.700137762219693,0.9534883720930233,66011.98559969566,14.566435058421018
main,arx,rolling,2023Q4_shift,TenneT DE|down,26138.218508136084,1356939803.627548,12742.916172833093,0.8906477135163918,1.826893015218469,6371.458086416546,0.313953488372093,21664.400580757443,1.514201975454488,0.7093023255813954,52353.51925194224,3.6591735819221034,0.8953488372093024,86790.03385544532,6.066064012424317,0.9534883720930233,107975.78794831951,7.546811683209931
main,arx,rolling,2023Q4_shift,TenneT DE|up,4942.154411953662,44343840.459269255,2407.65528775788,0.6740111435141114,1.3835315892443398,1203.8276438789403,0.3488372093023256,6196.936707633143,1.7348016627770748,0.5930232558139535,11286.63545182674,3.1596375552568974,0.8488372093023255,14532.370348640274,4.068264924161603,0.9186046511627907,17582.852793914193,4.922232338709345
main,arx,rolling,2023Q4_shift,TransnetBW|down,99.99537360248672,64149.337780150956,225.2943772103198,1.0375026467261184,0.4604884775978991,112.64718860515994,0.4186046511627907,75.73117339925356,0.348749461989685,0.5813953488372093,3007.80382348158,13.851230848881283,0.7674418604651163,6762.771381000902,31.143223785128225,0.8837209302325582,7784.648941626387,35.84906991811554
main,arx,rolling,2023Q4_shift,TransnetBW|up,9392.095626947024,182639173.08482236,4698.259300262167,0.4915723430353476,0.9826819164903828,2349.129650131084,0.3372093023255814,6128.215814758128,0.6411867064295124,0.7209302325581395,18932.026874250845,1.9808316685425063,0.8953488372093024,28495.1639210575,2.9814094111555125,0.9302325581395349,34822.04580894797,3.643382272799116
main,arx,rolling,2024_primary,50Hertz|down,7700.0351776484895,165564648.9140341,4109.011858837404,0.5968351578152105,1.1184323307683985,2054.5059294187026,0.5451977401129944,9612.674167031539,1.3962436957117301,0.8107344632768362,18006.134254681492,2.615396194688847,0.9067796610169492,33259.158049573765,4.83090230090861,0.9661016949152542,53485.61922334637,7.768801621089056
main,arx,rolling,2024_primary,50Hertz|up,676.6573057248311,2491395.0690082484,645.8688283916152,2.4655695688130717,2.5831029276715674,322.9344141958077,0.5225988700564972,3368.93578101286,12.860731429996104,0.7966101694915254,7423.3690326513915,28.33831264245018,0.8954802259887006,8473.300529969427,32.34636975146439,0.9322033898305084,9776.709568985903,37.32206376400521
main,arx,rolling,2024_primary,Amprion|down,761.6881277743362,1897720.5302394251,428.86914916568395,0.22024412986281475,0.39116205783243646,214.43457458284198,0.5310734463276836,1080.9701711927064,0.5551281439225643,0.8050847457627118,1679.0066184933628,0.8622475000670125,0.8983050847457628,2049.57283879887,1.0525503812756778,0.9548022598870056,3593.154018243586,1.8452506592060935
main,arx,rolling,2024_primary,Amprion|up,12722.13906003763,465502469.3308735,6534.496525770667,1.4419248022521993,2.8073115925646985,3267.2482628853336,0.5254237288135594,10383.45059584534,2.291248436365797,0.827683615819209,37584.16960282694,8.293453995826843,0.9152542372881356,54619.3826278898,12.052503537840465,0.9519774011299436,65512.78004098749,14.456278618106962
main,arx,rolling,2024_primary,TenneT DE|down,18033.02753574992,812866669.3482777,9570.218570935447,0.6688965988984232,1.2603924034856921,4785.1092854677245,0.4774011299435028,17840.12062938215,1.2469094539984888,0.7627118644067796,43221.545521839835,3.020907472948775,0.8700564971751412,64880.51376391349,4.5347297629402075,0.9548022598870056,85361.65487070622,5.966229527166934
main,arx,rolling,2024_primary,TenneT DE|up,4186.120331593363,32460991.89386718,2010.334456586125,0.5627831495725706,1.1718836022462404,1005.1672282930625,0.5536723163841808,7729.541270441429,2.1638467005720528,0.807909604519774,12604.395177223132,3.528537847548483,0.8926553672316384,15729.962923809646,4.403525019391271,0.940677966101695,19052.17216952706,5.333561002567417
main,arx,rolling,2024_primary,TransnetBW|down,426.6317213832911,1530491.1950809911,352.08337916448215,1.6213784039999262,1.9646808126918902,176.0416895822411,0.5225988700564972,192.6361104680757,0.8871081335468796,0.8192090395480226,3161.7411673046513,14.560127376278102,0.9180790960451978,6854.201485417491,31.5642683602181,0.9491525423728814,7873.791496654724,36.25958010449046
main,arx,rolling,2024_primary,TransnetBW|up,5540.4670010134805,92447649.65610406,2958.44007403194,0.3095374746218025,0.5796913646392924,1479.22003701597,0.53954802259887,6275.799571605602,0.6566281898622007,0.8135593220338984,14151.469131542535,1.4806485538157892,0.9152542372881356,21132.29009257586,2.211042152128665,0.9661016949152542,26802.535894537883,2.804312092402349
main,arx,static,2023Q4_shift,50Hertz|down,10396.083600649683,239361713.49818155,5927.839828568355,0.8610204450925829,1.5100341419334413,2963.9199142841776,0.3372093023255814,7263.458402991066,1.0550194283109102,0.5465116279069767,14676.431236916203,2.1317558708451463,0.6627906976744186,27877.905983034154,4.049273885923866,0.8372093023255814,50452.10719070564,7.328183123276365
main,arx,static,2023Q4_shift,50Hertz|up,666.0461653013678,1448582.2872206206,631.3431177511371,2.41011844848306,2.542595468930069,315.6715588755686,0.5813953488372093,3313.434246730201,12.648857303340177,0.8255813953488372,7365.076377581955,28.115783562075723,0.9534883720930233,8409.42006535012,32.10250950820227,1.0,16254.312007335004,62.04996322098144
main,arx,static,2023Q4_shift,Amprion|down,793.4547105982475,3465677.8060013996,557.3645360535095,0.28623244991696173,0.40747566632206117,278.68226802675474,0.32558139534883723,353.5234728798669,0.18155064271229882,0.45348837209302323,801.7859497294578,0.4117541426748183,0.6511627906976745,1168.6330822891246,0.6001471004346657,0.9651162790697675,3544.655523443367,1.8203444405897393
main,arx,static,2023Q4_shift,Amprion|up,17884.529052876,727938206.2109094,9089.644772311578,2.0057527292529,3.9464625799767385,4544.82238615579,0.3023255813953488,9169.04042956979,2.023272451995155,0.6395348837209303,35742.032370463734,7.886961566911906,0.7906976744186046,51597.173140998755,11.385612247966204,0.8255813953488372,59170.23540168074,13.056710588842527
main,arx,static,2023Q4_shift,TenneT DE|down,26138.218508136084,1356939803.627548,14001.73999234421,0.9786313854923397,1.826893015218469,7000.869996172105,0.1744186046511628,13197.09347573518,0.9223917798568091,0.5,37544.09264584003,2.624090107596675,0.813953488372093,71137.82164395957,4.972075255961064,0.9534883720930233,102965.99946834195,7.1966597561019645
main,arx,static,2023Q4_shift,TenneT DE|up,4942.154411953662,44343840.459269255,2561.315267654482,0.7170274919461627,1.3835315892443398,1280.657633827241,0.313953488372093,5966.121559929558,1.670186108202006,0.5116279069767442,10098.03839949189,2.8268957119809186,0.7441860465116279,13066.227673172103,3.6578255617363475,0.7790697674418605,15734.09328266761,4.4046812928458365
main,arx,static,2023Q4_shift,TransnetBW|down,99.99537360248672,64149.337780150956,226.3795508950578,1.0424999777026576,0.4604884775978991,113.18977544752894,0.43023255813953487,94.29545477637127,0.43423979380274974,0.686046511627907,3014.2715122873337,13.881015188540616,0.7441860465116279,6753.251664570984,31.09938455969162,0.7558139534883721,7756.1261011898305,35.71771944762667
main,arx,static,2023Q4_shift,TransnetBW|up,9392.095626947024,182639173.08482236,4956.07894366118,0.518547654121119,0.9826819164903828,2478.03947183059,0.313953488372093,5130.960598567019,0.5368452787011768,0.5930232558139535,14608.320380771554,1.528448265293954,0.7790697674418605,23462.527526213646,2.4548516572826453,0.9069767441860465,31242.79279213726,3.2688900025040746
main,arx,static,2024_primary,50Hertz|down,7700.0351776484895,165564648.9140341,4346.37767632206,0.6313126112773365,1.1184323307683985,2173.18883816103,0.4209039548022599,7162.792203051113,1.040397633730639,0.6779661016949152,14153.686702764706,2.0558270764644893,0.7655367231638418,27343.55345675556,3.9716590273382124,0.9152542372881356,49771.10187295791,7.229266904425158
main,arx,static,2024_primary,50Hertz|up,676.6573057248311,2491395.0690082484,678.0597391356855,2.588456641905927,2.5831029276715674,339.02986956784275,0.4689265536723164,3349.5320696053523,12.78665880368974,0.7655367231638418,7414.860280087769,28.305830936464048,0.884180790960452,8463.211748724503,32.30785637083595,1.0,16311.165396456465,62.26699798088901
main,arx,static,2024_primary,Amprion|down,761.6881277743362,1897720.5302394251,485.4492066114447,0.24930060441681778,0.39116205783243646,242.72460330572235,0.22598870056497175,431.6126035641393,0.22165302049526417,0.423728813559322,934.8889292935226,0.4801086745250685,0.632768361581921,1325.5769031050445,0.6807450061599714,0.9661016949152542,3727.835620631823,1.914415886838421
main,arx,static,2024_primary,Amprion|up,12722.13906003763,465502469.3308735,6593.361107981772,1.4549140663415843,2.8073115925646985,3296.680553990886,0.4604519774011299,8106.326775072479,1.78877034918303,0.7542372881355932,34632.32298648676,7.642089222464573,0.844632768361582,50500.844457766725,11.143692535630553,0.923728813559322,58129.85008029302,12.827135533917978
main,arx,static,2024_primary,TenneT DE|down,18033.02753574992,812866669.3482777,9696.276558216074,0.6777072397767905,1.2603924034856921,4848.138279108038,0.3813559322033898,10681.645546496076,0.7465781814418195,0.6242937853107344,32897.627484457924,2.2993321388719643,0.8898305084745762,65131.94142968971,4.552302936348957,0.9689265536723164,97044.12584329718,6.782758955661673
main,arx,static,2024_primary,TenneT DE|up,4186.120331593363,32460991.89386718,2125.697073590407,0.5950783414138604,1.1718836022462404,1062.8485367952035,0.3926553672316384,5995.110321246653,1.6783013680000936,0.6186440677966102,10186.544423636838,2.851672533997403,0.7740112994350282,13257.466992853246,3.7113620597552077,0.8305084745762712,15958.79446753906,4.467585273882599
main,arx,static,2024_primary,TransnetBW|down,426.6317213832911,1530491.1950809911,357.10661915652656,1.6445109155673203,1.9646808126918902,178.5533095782633,0.2627118644067797,111.96069490777242,0.5155899527295816,0.6016949152542372,3040.6723326447855,14.002593548976247,0.7175141242937854,6782.50561120153,31.2341018457251,0.7711864406779662,7787.044083421134,35.86009978038776
main,arx,static,2024_primary,TransnetBW|up,5540.4670010134805,92447649.65610406,2985.842735216241,0.31240457698948554,0.5796913646392924,1492.9213676081206,0.4491525423728814,4352.588859249933,0.4554053250512692,0.8022598870056498,13389.710742002293,1.4009468318711884,0.9096045197740112,22286.03914861317,2.3317573128945757,0.9661016949152542,30129.38420228521,3.15239560866789
main,gru,adaptive,2023Q4_shift,50Hertz|down,10165.504812832765,258310191.93712133,5498.096262940868,0.7986000682178561,1.476542506488396,2749.0481314704343,0.5581395348837209,9569.031987205772,1.3899046565026583,0.8023255813953488,23333.222921681958,3.3891573602661142,0.8488372093023255,35953.77104321857,5.222295615545561,0.8953488372093024,45906.88689362282,6.667988563973763
main,gru,adaptive,2023Q4_shift,50Hertz|up,539.3023255813954,1574653.0930232557,339.1139589550075,1.2945493276728106,2.0587576670248695,169.55697947750377,0.5930232558139535,129.63500228475692,0.4948746597389729,0.9069767441860465,1901.2898079406384,7.258071741326578,0.9883720930232558,3841.5987820514415,14.665097054153414,1.0,8179.136858474377,31.223415732310592
main,gru,adaptive,2023Q4_shift,Amprion|down,492.00159663266913,3390926.894856751,428.40957730630885,0.22000811847222057,0.2526655595355383,214.20478865315442,0.8837209302325582,927.1923418000688,0.47615612112106065,0.9651162790697675,2689.560000397438,1.3812133681187697,0.9767441860465116,4435.848271995367,2.2780131067242135,0.9767441860465116,6297.293103311228,3.2339510611290714
main,gru,adaptive,2023Q4_shift,Amprion|up,15887.971265074264,608580779.9970344,8689.211126843527,1.917391643929873,3.50589517252501,4344.605563421764,0.43023255813953487,15589.850860845765,3.4401108839850716,0.7906976744186046,31531.39547285923,6.9578277381632345,0.9069767441860465,43773.27658066861,9.659163935367983,0.9418604651162791,70901.09790606832,15.645283638070964
main,gru,adaptive,2023Q4_shift,TenneT DE|down,22669.26681038435,1158648997.4588106,12096.11187019396,0.8454402613582858,1.5844356486316744,6048.055935096981,0.45348837209302323,23547.88612924975,1.645845476396775,0.7674418604651163,43879.45363742052,3.066891010068406,0.8837209302325582,79668.81561864099,5.568336753291692,0.9418604651162791,101744.88322856104,7.111311600927151
main,gru,adaptive,2023Q4_shift,TenneT DE|up,4581.624576394059,57488469.34495687,2422.6203878045144,0.6782005489686721,1.2826030518527696,1211.3101939022572,0.5465116279069767,3562.5785951392595,0.9973261890844987,0.7906976744186046,8067.6393099407815,2.25849556803308,0.8604651162790697,13299.731657941953,3.723193842897722,0.9302325581395349,17808.852881994913,4.9854999412503345
main,gru,adaptive,2023Q4_shift,TransnetBW|down,41.82861072498179,64780.25404314748,39.919265191919465,0.18383212135522903,0.19262484431882776,19.959632595959732,0.8372093023255814,2.2265172134998235,0.010253329579685206,0.8604651162790697,22.3187538327346,0.10278004475661712,0.9302325581395349,76.62929013589786,0.35288537742119896,0.9302325581395349,162.9486684716025,0.7503945589461453
main,gru,adaptive,2023Q4_shift,TransnetBW|up,8429.369929483104,171581639.94972324,4353.25330320033,0.4554748448986505,0.8819532643327056,2176.626651600165,0.45348837209302323,8382.488616513096,0.8770481376914508,0.7674418604651163,20771.912115868858,2.1733363051188346,0.8837209302325582,27291.463081182435,2.8554678646474296,0.9418604651162791,36283.27678559769,3.7962688397170914
main,gru,adaptive,2024_primary,50Hertz|down,8083.4906566126865,205688203.28275135,4430.869422796457,0.6435850618259209,1.1741293497026435,2215.4347113982285,0.556497175141243,8161.205562627652,1.1854174622195928,0.8050847457627118,16004.641702168137,2.3246788240694145,0.9011299435028248,30418.016950484456,4.418225736687152,0.96045197740113,48430.775366900605,7.034584092778816
main,gru,adaptive,2024_primary,50Hertz|up,550.9745058920761,2525735.4700272135,386.21582609511984,1.4743581760795983,2.103315588557295,193.10791304755992,0.6610169491525424,466.64555217588355,1.781394336264839,0.8700564971751412,946.2246595030114,3.6121618247793155,0.9067796610169492,1504.7169855486875,5.744176288061197,0.9491525423728814,3348.9806353342733,12.78455373297227
main,gru,adaptive,2024_primary,Amprion|down,506.74895201901256,1878143.2699375951,341.7289876451196,0.17549362941870983,0.26023900812973433,170.8644938225598,0.8333333333333334,933.6886399209563,0.4794922704564645,0.9463276836158192,2617.433527091937,1.3441730904859603,0.9689265536723164,4283.3934855143225,2.199720527607111,0.9915254237288136,6053.009000651041,3.108499883924143
main,gru,adaptive,2024_primary,Amprion|up,12558.506130617217,424561723.3106473,6674.186754417994,1.4727493354850953,2.771203779443067,3337.0933772089975,0.5480225988700564,12979.412690896505,2.864082489578395,0.7853107344632768,25517.89991643873,5.630868827581603,0.8870056497175142,38871.25401604431,8.577466533088307,0.9519774011299436,61320.92876886918,13.531290091021171
main,gru,adaptive,2024_primary,TenneT DE|down,17351.042828835096,790490183.387217,9223.578575695356,0.6446686972951687,1.212726067803301,4611.789287847679,0.5225988700564972,22361.993811099812,1.5629592463289153,0.7994350282485876,36584.54364235269,2.5570238164611414,0.8898305084745762,54150.50887449793,3.7847715750999917,0.943502824858757,78733.12654749294,5.502938117651525
main,gru,adaptive,2024_primary,TenneT DE|up,3858.3098591175185,43114351.4145041,1954.569722774236,0.5471720892204415,1.0801146880944552,977.2848613871182,0.6186440677966102,5025.514767035551,1.406867906755477,0.8728813559322034,10439.31087570837,2.9224332472394514,0.9378531073446328,16047.291487418783,4.49235957519974,0.9717514124293786,20195.064597954184,5.6535080633093
main,gru,adaptive,2024_primary,TransnetBW|down,417.18978359342,1551995.300672073,323.49744716773415,1.4897373907043652,1.921199765501486,161.7487235838671,0.5451977401129944,136.88904840817813,0.6303874592428091,0.7740112994350282,861.6822838519724,3.9681312121644794,0.8757062146892656,1705.3027786627201,7.853086118879552,0.9463276836158192,2785.0970453332507,12.825644348970382
main,gru,adaptive,2024_primary,TransnetBW|up,6257.821965467108,119480815.35271327,3319.3204582366234,0.34729588783009296,0.6547472179092111,1659.6602291183117,0.5932203389830508,7584.050972121449,0.7935087162722616,0.8333333333333334,15375.075655134815,1.608672804355139,0.9067796610169492,22371.49873386534,2.340698830565789,0.9463276836158192,30411.95834681279,3.1819609488139484
main,gru,raw,2023Q4_shift,50Hertz|down,10165.504812832765,258310191.93712133,5826.47445695707,0.8462970956253619,1.476542506488396,2913.237228478535,0.5465116279069767,9447.33557143766,1.3722282170067992,0.7790697674418605,18076.320585295212,2.6255907794570112,0.8372093023255814,25928.21863814953,3.76608123665666,0.872093023255814,34295.64112917878,4.981451767213602
main,gru,raw,2023Q4_shift,50Hertz|up,539.3023255813954,1574653.0930232557,417.26809533191823,1.5928985463642251,2.0587576670248695,208.63404766595912,0.46511627906976744,48.607302217636,0.1855557659724011,0.6744186046511628,312.5497734912606,1.1931419761788196,0.7790697674418605,657.270215540154,2.509093751990788,0.8372093023255814,1031.1005783258483,3.9361710869940074
main,gru,raw,2023Q4_shift,Amprion|down,492.00159663266913,3390926.894856751,428.40957730630885,0.22000811847222057,0.2526655595355383,214.20478865315442,0.8837209302325582,927.1923418000688,0.47615612112106065,0.9651162790697675,2689.560000397438,1.3812133681187697,0.9767441860465116,4435.848271995367,2.2780131067242135,0.9767441860465116,6297.293103311228,3.2339510611290714
main,gru,raw,2023Q4_shift,Amprion|up,15887.971265074264,608580779.9970344,9063.034506161459,1.999880815080926,3.50589517252501,4531.51725308073,0.3372093023255814,14354.856073798135,3.1675926253750664,0.6744186046511628,26186.75129047882,5.778459905401499,0.8488372093023255,35117.39473408544,7.749126846706307,0.8953488372093024,44340.83118640988,9.784402514870372
main,gru,raw,2023Q4_shift,TenneT DE|down,22669.26681038435,1158648997.4588106,12724.756192877003,0.8893784479569216,1.5844356486316744,6362.378096438501,0.4069767441860465,22156.39721169139,1.5485893690821166,0.7209302325581395,40074.37291872002,2.8009403912390236,0.8604651162790697,53384.1463023341,3.731207770444554,0.872093023255814,66860.61211246224,4.673125875945512
main,gru,raw,2023Q4_shift,TenneT DE|up,4581.624576394059,57488469.34495687,2487.068634039339,0.6962425155089345,1.2826030518527696,1243.5343170196697,0.5116279069767442,3457.0219620726825,0.9677761337586976,0.7790697674418605,7329.881237970397,2.0519638588411904,0.8488372093023255,11039.781066894531,3.0905318958563885,0.8953488372093024,15004.30134674782,4.200379663888501
main,gru,raw,2023Q4_shift,TransnetBW|down,41.82861072498179,64780.25404314748,40.03244043774171,0.18435330443373454,0.19262484431882776,20.016220218870856,0.8372093023255814,2.2265172134998235,0.010253329579685206,0.8604651162790697,22.3187538327346,0.10278004475661712,0.9302325581395349,76.62929013589786,0.35288537742119896,0.9302325581395349,151.99306694352347,0.6999429421654578
main,gru,raw,2023Q4_shift,TransnetBW|up,8429.369929483104,171581639.94972324,4497.463696236573,0.4705633779625703,0.8819532643327056,2248.731848118287,0.45348837209302323,8373.80561370406,0.8761396471713165,0.7441860465116279,16491.61244123592,1.7254944970186856,0.8255813953488372,23984.56349859903,2.5094715557799243,0.9302325581395349,32004.85270137343,3.348623272035542
main,gru,raw,2024_primary,50Hertz|down,8083.4906566126865,205688203.28275135,4542.2110855813635,0.6597574704639529,1.1741293497026435,2271.1055427906817,0.519774011299435,7678.573254268991,1.1153149802064448,0.788135593220339,15485.485063485507,2.2492711725406043,0.8728813559322034,22366.296990721105,3.248711089866709,0.9096045197740112,29580.04255688339,4.296509714287668
main,gru,raw,2024_primary,50Hertz|up,550.9745058920761,2525735.4700272135,389.81063104183005,1.4880811509203242,2.103315588557295,194.90531552091502,0.5706214689265536,445.41005572654774,1.7003289689293315,0.8700564971751412,939.8333523726396,3.5877633530264283,0.9011299435028248,1422.1129116977002,5.428839672027002,0.9378531073446328,1934.1869454556268,7.38365479719258
main,gru,raw,2024_primary,Amprion|down,506.74895201901256,1878143.2699375951,341.7289876451196,0.17549362941870983,0.26023900812973433,170.8644938225598,0.8333333333333334,933.6886399209563,0.4794922704564645,0.9463276836158192,2617.433527091937,1.3441730904859603,0.9689265536723164,4283.3934855143225,2.199720527607111,0.9915254237288136,6053.009000651041,3.108499883924143
main,gru,raw,2024_primary,Amprion|up,12558.506130617217,424561723.3106473,7177.346832075684,1.5837783937478813,2.771203779443067,3588.673416037842,0.4435028248587571,10756.742351556768,2.3736202975970024,0.6666666666666666,20206.66614171152,4.458873451941622,0.7853107344632768,27781.17106767711,6.130290136372889,0.864406779661017,35495.03684350784,7.832458672165773
main,gru,raw,2024_primary,TenneT DE|down,17351.042828835096,790490183.387217,9567.415961514951,0.6687007145624997,1.212726067803301,4783.7079807574755,0.4350282485875706,18131.603947272004,1.2672822593348558,0.6694915254237288,33023.8446620661,2.3081539061282594,0.7853107344632768,44602.2024266841,3.1174064923860803,0.8757062146892656,56019.63664825892,3.9154115601231454
main,gru,raw,2024_primary,TenneT DE|up,3858.3098591175185,43114351.4145041,1966.9405949341856,0.5506352534587736,1.0801146880944552,983.4702974670928,0.6129943502824858,4962.054177043697,1.389102429676604,0.847457627118644,9404.178560966018,2.632653095281891,0.9209039548022598,13376.495421207019,3.7446834772825994,0.9463276836158192,17568.46047459834,4.918203280376443
main,gru,raw,2024_primary,TransnetBW|down,417.18978359342,1551995.300672073,347.30042456165586,1.5993524301560667,1.921199765501486,173.65021228082793,0.5028248587570622,123.6458740465764,0.5694013457793973,0.7062146892655368,273.29145974146445,1.2585339071499293,0.768361581920904,431.85177035686576,1.9887196488722885,0.8220338983050848,598.2915755259115,2.7551912338344833
main,gru,raw,2024_primary,TransnetBW|up,6257.821965467108,119480815.35271327,3361.6905897516253,0.35172901582334426,0.6547472179092111,1680.845294875813,0.5508474576271186,7061.836758408573,0.7388701686325272,0.7966101694915254,14241.02678555257,1.490018846727465,0.8870056497175142,20796.63261477799,2.175922776574143,0.9265536723163842,27695.645091889804,2.8977568668753557
main,gru,rolling,2023Q4_shift,50Hertz|down,10165.504812832765,258310191.93712133,5565.311901416705,0.8083631590960428,1.476542506488396,2782.6559507083525,0.5465116279069767,9510.16862795852,1.3813547365917904,0.8023255813953488,22048.693260015443,3.2025790563631484,0.8488372093023255,32985.42188238099,4.7911420436596925,0.8837209302325582,42984.97226676054,6.24357962154269
main,gru,rolling,2023Q4_shift,50Hertz|up,539.3023255813954,1574653.0930232557,346.20377771563545,1.3216143300636756,2.0587576670248695,173.10188885781773,0.5697674418604651,94.38931745699671,0.3603261506249661,0.9302325581395349,2074.708400296056,7.920087904953321,0.9883720930232558,4584.813877944059,17.50228077159432,1.0,8285.594997157606,31.629813959863235
main,gru,rolling,2023Q4_shift,Amprion|down,492.00159663266913,3390926.894856751,428.40957730630885,0.22000811847222057,0.2526655595355383,214.20478865315442,0.8837209302325582,927.1923418000688,0.47615612112106065,0.9651162790697675,2689.560000397438,1.3812133681187697,0.9767441860465116,4435.848271995367,2.2780131067242135,0.9767441860465116,6297.293103311228,3.2339510611290714
main,gru,rolling,2023Q4_shift,Amprion|up,15887.971265074264,608580779.9970344,8638.92839167089,1.9062960801500834,3.50589517252501,4319.464195835446,0.4186046511627907,15043.879931074518,3.319635033727732,0.7790697674418605,31000.582475493673,6.840696690156601,0.9069767441860465,44629.993604651165,9.848210102967933,0.9534883720930233,71389.95429233286,15.75315639388532
main,gru,rolling,2023Q4_shift,TenneT DE|down,22669.26681038435,1158648997.4588106,12032.138028779224,0.8409689021491302,1.5844356486316744,6016.069014389613,0.4418604651162791,23222.2745663807,1.6230873266898744,0.7674418604651163,42571.69310144668,2.975486977004512,0.8837209302325582,75506.17371275436,5.277394911928139,0.9418604651162791,101415.24173782703,7.088271785235017
main,gru,rolling,2023Q4_shift,TenneT DE|up,4581.624576394059,57488469.34495687,2426.6971819731098,0.6793418272544044,1.2826030518527696,1213.3485909865549,0.5348837209302325,3529.7608069929965,0.9881390122371579,0.7906976744186046,7926.077636612294,2.2188660804552467,0.8604651162790697,13156.30260804642,3.6830415925216915,0.9302325581395349,17251.653827216567,4.829514832424448
main,gru,rolling,2023Q4_shift,TransnetBW|down,41.82861072498179,64780.25404314748,39.89589097754995,0.183724480811449,0.19262484431882776,19.947945488774977,0.8372093023255814,2.2265172134998235,0.010253329579685206,0.8604651162790697,22.3187538327346,0.10278004475661712,0.9302325581395349,76.62929013589786,0.35288537742119896,0.9302325581395349,158.74130988509157,0.7310192610657371
main,gru,rolling,2023Q4_shift,TransnetBW|up,8429.369929483104,171581639.94972324,4362.624218462321,0.4564553107429825,0.8819532643327056,2181.3121092311603,0.45348837209302323,8373.80561370406,0.8761396471713165,0.7674418604651163,20154.530501361227,2.10874052455527,0.9186046511627907,28040.498797252567,2.9338384309431658,0.9418604651162791,35615.94510068672,3.7264468526856165
main,gru,rolling,2024_primary,50Hertz|down,8083.4906566126865,205688203.28275135,4479.380992234201,0.6506313812807963,1.1741293497026435,2239.6904961171003,0.5480225988700564,8024.626634670516,1.1655793335351472,0.7994350282485876,16187.117043274271,2.3511834200034056,0.903954802259887,29112.11398199911,4.228542953803233,0.940677966101695,44459.46153750662,6.45774961346176
main,gru,rolling,2024_primary,50Hertz|up,550.9745058920761,2525735.4700272135,380.6705045250739,1.4531892087732865,2.103315588557295,190.33525226253698,0.6384180790960452,460.8088480048429,1.7591130315266637,0.8728813559322034,996.4905750557864,3.8040492580900054,0.9209039548022598,1813.0852234223469,6.921355476570978,0.963276836158192,4470.796094815206,17.06702400732829
main,gru,rolling,2024_primary,Amprion|down,506.74895201901256,1878143.2699375951,341.7289876451196,0.17549362941870983,0.26023900812973433,170.8644938225598,0.8333333333333334,933.6886399209563,0.4794922704564645,0.9463276836158192,2617.433527091937,1.3441730904859603,0.9689265536723164,4283.3934855143225,2.199720527607111,0.9915254237288136,6053.009000651041,3.108499883924143
main,gru,rolling,2024_primary,Amprion|up,12558.506130617217,424561723.3106473,6641.706235765359,1.4655820709145897,2.771203779443067,3320.8531178826806,0.5254237288135594,12318.307966432734,2.7182008144820893,0.7824858757062146,24964.758990282393,5.508810820905792,0.8898305084745762,39242.34614768163,8.659353017596823,0.963276836158192,61575.19305978549,13.587396936583545
main,gru,rolling,2024_primary,TenneT DE|down,17351.042828835096,790490183.387217,9206.496049655265,0.6434747388203318,1.212726067803301,4603.248024827633,0.5169491525423728,21443.313524282854,1.498749415093386,0.7937853107344632,36800.088400814035,2.5720890059107364,0.8926553672316384,54887.1677368302,3.8362592818759804,0.9491525423728814,82920.51614373676,5.795609663074376
main,gru,rolling,2024_primary,TenneT DE|up,3858.3098591175185,43114351.4145041,1945.8953138428894,0.5447437315095789,1.0801146880944552,972.9476569214448,0.6129943502824858,4977.509103167019,1.3934289595092892,0.8728813559322034,10335.623509303594,2.893406483834491,0.9350282485875706,15591.544284194471,4.364775408495945,0.9717514124293786,20621.36538554908,5.772848852162582
main,gru,rolling,2024_primary,TransnetBW|down,417.18978359342,1551995.300672073,324.5544553303217,1.494605016696078,1.921199765501486,162.27722766516086,0.536723163841808,133.14579726212696,0.6131494215275439,0.7853107344632768,931.7349594552167,4.29073063629819,0.867231638418079,1583.7785825526253,7.293455307553152,0.940677966101695,2317.8857029960245,10.674090412039146
main,gru,rolling,2024_primary,TransnetBW|up,6257.821965467108,119480815.35271327,3297.389312071763,0.345001262477016,0.6547472179092111,1648.6946560358815,0.5790960451977402,7417.530351885294,0.7760858951332457,0.8333333333333334,15393.973625629662,1.610650072752021,0.9152542372881356,22737.18430380266,2.378960003681176,0.9491525423728814,30915.54004094183,3.234650001816814
main,gru,static,2023Q4_shift,50Hertz|down,10165.504812832765,258310191.93712133,5704.835333712502,0.8286289778850747,1.476542506488396,2852.417666856251,0.5465116279069767,9447.33557143766,1.3722282170067992,0.7906976744186046,21069.19378889217,3.060306475628086,0.8488372093023255,27414.80203658703,3.9820079041116796,0.8837209302325582,34916.85069949128,5.071682636500673
main,gru,static,2023Q4_shift,50Hertz|up,539.3023255813954,1574653.0930232557,440.0776300488571,1.6799727202594397,2.0587576670248695,220.03881502442857,0.5232558139534884,63.8156533528899,0.24361282973298518,0.9883720930232558,4530.213396538135,17.293846365908212,1.0,6795.646265344842,25.942014687374186,1.0,14874.100700396162,56.78108067497821
main,gru,static,2023Q4_shift,Amprion|down,492.00159663266913,3390926.894856751,428.40957730630885,0.22000811847222057,0.2526655595355383,214.20478865315442,0.8837209302325582,927.1923418000688,0.47615612112106065,0.9651162790697675,2689.560000397438,1.3812133681187697,0.9767441860465116,4435.848271995367,2.2780131067242135,0.9767441860465116,6297.293103311228,3.2339510611290714
main,gru,static,2023Q4_shift,Amprion|up,15887.971265074264,608580779.9970344,8396.84694329658,1.8528775431289946,3.50589517252501,4198.42347164829,0.3372093023255814,14354.856073798135,3.1675926253750664,0.7906976744186046,31165.58945823492,6.877107706678084,0.9186046511627907,51817.2914244186,11.434184316378902,0.9534883720930233,79970.46751453489,17.646562378929726
main,gru,static,2023Q4_shift,TenneT DE|down,22669.26681038435,1158648997.4588106,12003.707892990975,0.8389818188872354,1.5844356486316744,6001.853946495487,0.4069767441860465,22156.39721169139,1.5485893690821166,0.7209302325581395,40074.37291872002,2.8009403912390236,0.8837209302325582,69379.81145984738,4.8492016743113515,0.9418604651162791,102415.52381222747,7.1581850555063475
main,gru,static,2023Q4_shift,TenneT DE|up,4581.624576394059,57488469.34495687,2481.532315200515,0.6946926505384844,1.2826030518527696,1240.7661576002574,0.5116279069767442,3457.0219620726825,0.9677761337586976,0.7790697674418605,7535.8961793766475,2.109636718799283,0.8488372093023255,11039.781066894531,3.0905318958563885,0.8953488372093024,15004.30134674782,4.200379663888501
main,gru,static,2023Q4_shift,TransnetBW|down,41.82861072498179,64780.25404314748,40.03244043774171,0.18435330443373454,0.19262484431882776,20.016220218870856,0.8372093023255814,2.2265172134998235,0.010253329579685206,0.8604651162790697,22.3187538327346,0.10278004475661712,0.9302325581395349,76.62929013589786,0.35288537742119896,0.9302325581395349,151.99306694352347,0.6999429421654578
main,gru,static,2023Q4_shift,TransnetBW|up,8429.369929483104,171581639.94972324,4317.252706301933,0.4517081524627884,0.8819532643327056,2158.6263531509667,0.45348837209302323,8373.80561370406,0.8761396471713165,0.7558139534883721,18475.327995229323,1.9330478993474558,0.9186046511627907,28963.078749794182,3.0303666895863217,0.9418604651162791,38454.8586229901,4.023478430264898
main,gru,static,2024_primary,50Hertz|down,8083.4906566126865,205688203.28275135,4463.559484847739,0.6483333027689118,1.1741293497026435,2231.77974242387,0.519774011299435,7678.573254268991,1.1153149802064448,0.8559322033898306,18570.76832194355,2.69740945583761,0.884180790960452,23859.90381802489,3.465657912390592,0.9152542372881356,30201.252127195887,4.3867405835747375
main,gru,static,2024_primary,50Hertz|up,550.9745058920761,2525735.4700272135,482.6550266625512,1.8425096453986058,2.103315588557295,241.32751333127567,0.6271186440677966,465.42386968837957,1.776730628973929,0.9689265536723164,5157.4969754195145,19.688467742755822,0.9887005649717514,7560.488961502388,28.861760607410403,1.0,15777.18706752594,60.228564385176796
main,gru,static,2024_primary,Amprion|down,506.74895201901256,1878143.2699375951,341.7289876451196,0.17549362941870983,0.26023900812973433,170.8644938225598,0.8333333333333334,933.6886399209563,0.4794922704564645,0.9463276836158192,2617.433527091937,1.3441730904859603,0.9689265536723164,4283.3934855143225,2.199720527607111,0.9915254237288136,6053.009000651041,3.108499883924143
main,gru,static,2024_primary,Amprion|up,12558.506130617217,424561723.3106473,6496.989504409606,1.433648372056571,2.771203779443067,3248.4947522048033,0.4435028248587571,10756.742351556768,2.3736202975970024,0.7909604519774012,25292.49194056624,5.581129517176556,0.9350282485875706,44509.194727528025,9.821554201274342,0.9745762711864406,71128.0507591808,15.695363846477868
main,gru,static,2024_primary,TenneT DE|down,17351.042828835096,790490183.387217,9116.098967497706,0.6371565653786962,1.212726067803301,4558.049483748854,0.4350282485875706,18131.603947272004,1.2672822593348558,0.6694915254237288,33023.8446620661,2.3081539061282594,0.923728813559322,60845.51545437742,4.252709386309902,0.9661016949152542,91699.96132481462,6.409236298486122
main,gru,static,2024_primary,TenneT DE|up,3858.3098591175185,43114351.4145041,1964.793447616406,0.5500341702280019,1.0801146880944552,982.396723808203,0.6129943502824858,4962.054177043697,1.389102429676604,0.8502824858757062,9618.127152440777,2.69254694118515,0.9209039548022598,13376.495421207019,3.7446834772825994,0.9463276836158192,17568.46047459834,4.918203280376443
main,gru,static,2024_primary,TransnetBW|down,417.18978359342,1551995.300672073,347.30042456165586,1.5993524301560667,1.921199765501486,173.65021228082793,0.5028248587570622,123.6458740465764,0.5694013457793973,0.7062146892655368,273.29145974146445,1.2585339071499293,0.768361581920904,431.85177035686576,1.9887196488722885,0.8220338983050848,598.2915755259115,2.7551912338344833
main,gru,static,2024_primary,TransnetBW|up,6257.821965467108,119480815.35271327,3267.772280119523,0.34190247357243114,0.6547472179092111,1633.886140059762,0.5508474576271186,7061.836758408573,0.7388701686325272,0.8587570621468926,16231.225163760426,1.698250537946848,0.9322033898305084,25771.468715396168,2.6964329659673187,0.9661016949152542,34146.00658967616,3.572649228545325
main,lgbm,adaptive,2023Q4_shift,50Hertz|down,10323.65337502564,229957131.98147166,5334.9111237900615,0.7748973796824853,1.4995136307677355,2667.4555618950308,0.4186046511627907,14390.499016016185,2.0902241332770783,0.7674418604651163,23348.947915494497,3.391441420153545,0.8604651162790697,36235.336757747296,5.263193116803602,0.9069767441860465,52117.21437909415,7.570040422720197
main,lgbm,adaptive,2023Q4_shift,50Hertz|up,535.9466336773311,1504084.8211797073,328.67852227157925,1.2547126085234919,2.04594749338392,164.33926113578966,0.5348837209302325,420.45582788355716,1.6050675441968165,0.9302325581395349,2011.7116045642208,7.6796010202155305,0.9883720930232558,4174.174564065592,15.934687242458814,1.0,8571.579583742832,32.7215447615959
main,lgbm,adaptive,2023Q4_shift,Amprion|down,575.110009681933,3402112.4639911824,498.48113898748727,0.25599310401063613,0.2953455707975354,249.24056949374366,0.3372093023255814,1156.6967335823756,0.5940172336914614,0.7093023255813954,3368.468949454579,1.7298644917355026,0.9651162790697675,5015.753923596019,2.575821461295254,0.9767441860465116,7422.350638515653,3.81172010413145
main,lgbm,adaptive,2023Q4_shift,Amprion|up,15827.603937897871,606564622.8331112,8166.061724857928,1.8019516716180848,3.4925743074885034,4083.0308624289646,0.4069767441860465,16029.9825054027,3.537231868293476,0.8023255813953488,34719.28727203175,7.661279065131553,0.8604651162790697,51157.19820441925,11.288525843386855,0.9418604651162791,66456.22393127676,14.664462238616421
main,lgbm,adaptive,2023Q4_shift,TenneT DE|down,24094.311567667603,1190980945.937558,11635.757978239457,0.8132644912506737,1.6840370928786914,5817.878989119728,0.37209302325581395,29502.203869399662,2.0620139113834712,0.7790697674418605,45974.52324320402,3.2133228729748624,0.8953488372093024,87419.57691560501,6.110065014980286,0.9418604651162791,109966.30764735582,7.685936181449636
main,lgbm,adaptive,2023Q4_shift,TenneT DE|up,4603.044769268461,51744747.48717471,2359.1504068318436,0.660432442931347,1.2885995284941636,1179.575203415922,0.3023255813953488,5090.75029532418,1.4251302689977532,0.8023255813953488,9436.65359134752,2.64174431879482,0.9069767441860465,14589.452459701175,4.08424477773366,0.9534883720930233,18763.351831467222,5.252707182954756
main,lgbm,adaptive,2023Q4_shift,TransnetBW|down,42.19554890449042,64806.40313309657,46.03862457833611,0.21201236996280398,0.19431463053159984,23.019312289168056,0.5232558139534884,20.692293852909458,0.09529003743926893,0.872093023255814,145.15170126455482,0.6684377839496135,0.9651162790697675,461.9756325639826,2.1274429812363285,0.9883720930232558,860.1126702297538,3.960902987884967
main,lgbm,adaptive,2023Q4_shift,TransnetBW|up,9816.946374335812,171156435.68397936,4457.33206715503,0.46636446136885684,1.027133459921068,2228.6660335775155,0.3488372093023256,15587.186855002778,1.6308657044995212,0.7209302325581395,22802.05966093234,2.385747822162738,0.9069767441860465,29347.8181654169,3.0706214401032117,0.9651162790697675,36837.785209284586,3.854286285678279
main,lgbm,adaptive,2024_primary,50Hertz|down,7573.9755457598885,175261353.6930267,4061.330958109025,0.5899094932299918,1.1001221328723896,2030.6654790545126,0.559322033898305,12195.706700178558,1.7714299162739686,0.788135593220339,19634.095933476085,2.8518580981488664,0.9124293785310734,27704.85145648536,4.024137666021934,0.96045197740113,42394.05106059829,6.157748145885673
main,lgbm,adaptive,2024_primary,50Hertz|up,483.3009749344075,2671714.468120678,361.830658202364,1.3812691071482188,1.8449755182385792,180.915329101182,0.5282485875706214,350.1323208306286,1.3366113324398676,0.7994350282485876,1218.30943697239,4.650830851640939,0.9152542372881356,2073.380328135605,7.915018060799129,0.9519774011299436,3556.6959527923545,13.577495802922211
main,lgbm,adaptive,2024_primary,Amprion|down,538.2589410380356,2072893.0298837943,419.03122212616137,0.21519189963201202,0.2764208438411217,209.51561106308074,0.5677966101694916,1184.8160241446917,0.6084577890317208,0.8587570621468926,3799.0162868426282,1.9509704488141475,0.9774011299435028,6128.689666405883,3.1473654036497742,0.9971751412429378,8857.580734609135,4.54877709291689
main,lgbm,adaptive,2024_primary,Amprion|up,11804.940287973983,414063595.24423707,6278.406207434673,1.3854150191083812,2.604919311412195,3139.2031037173365,0.5254237288135594,13488.349442578723,2.976386248886265,0.7853107344632768,25033.5158658908,5.523982952970464,0.8983050847457628,37169.14188987193,8.201872532653402,0.9463276836158192,58950.95813459743,13.00832410202896
main,lgbm,adaptive,2024_primary,TenneT DE|down,16183.714373122282,731413206.2938838,8523.899084999744,0.5957656102678126,1.131137332077349,4261.949542499873,0.5621468926553672,24900.36433049123,1.7403749860614905,0.7937853107344632,37658.6600652966,2.632097631839832,0.8926553672316384,50110.7764840475,3.5024203167245034,0.9463276836158192,71241.6048001099,4.979329029702734
main,lgbm,adaptive,2024_primary,TenneT DE|up,3640.819441871566,39788888.073556125,1891.7980310321332,0.5295994657861249,1.0192293256521359,945.8990155160667,0.5790960451977402,5881.648777821114,1.6465383722681166,0.7909604519774012,9693.744277840991,2.713715579992954,0.8757062146892656,14430.409502736456,4.039721491598508,0.9322033898305084,20412.289238133737,5.714319022781495
main,lgbm,adaptive,2024_primary,TransnetBW|down,418.0982150361445,1590827.0406974887,264.70626531802435,1.2189982469738112,1.925383181163547,132.3531326590122,0.5508474576271186,158.56304640389112,0.7301983402959862,0.8418079096045198,674.3680959258186,3.1055310525461315,0.9265536723163842,1546.1401635973957,7.1201267062441955,0.96045197740113,2335.26772502204,10.754136323884548
main,lgbm,adaptive,2024_primary,TransnetBW|up,6045.748175909168,96531971.27933869,3054.3318131168544,0.31957049405456883,0.6325582319535903,1527.1659065584277,0.6299435028248588,15199.147577469485,1.5902656940156084,0.8248587570621468,22547.46480950027,2.359109916580086,0.9180790960451978,28132.688150234982,2.943484074861957,0.9887005649717514,36474.89358563637,3.816317439281337
main,lgbm,raw,2023Q4_shift,50Hertz|down,10323.65337502564,229957131.98147166,5485.54233938234,0.796776607199573,1.4995136307677355,2742.7711696911706,0.3488372093023256,13259.267456059119,1.9259124228690312,0.6976744186046512,22351.66311952516,3.246585515854092,0.7906976744186046,28496.150477976364,4.139074077158073,0.8372093023255814,32952.043583346654,4.7862938360963785
main,lgbm,raw,2023Q4_shift,50Hertz|up,535.9466336773311,1504084.8211797073,349.49154984574795,1.3341652236149,2.04594749338392,174.74577492287398,0.3372093023255814,414.6038015878282,1.5827277480704511,0.627906976744186,850.4022508468116,3.246364925459312,0.813953488372093,1288.573578242187,4.919060437708765,0.9069767441860465,2027.4235049957533,7.739580356373738
main,lgbm,raw,2023Q4_shift,Amprion|down,575.110009681933,3402112.4639911824,498.5348658006005,0.2560206952123522,0.2953455707975354,249.2674329003003,0.18604651162790697,1154.53692120423,0.5929080702116053,0.6395348837209303,3368.391491051819,1.7298247132656603,0.9651162790697675,5015.753923596019,2.575821461295254,0.9767441860465116,7422.350638515653,3.81172010413145
main,lgbm,raw,2023Q4_shift,Amprion|up,15827.603937897871,606564622.8331112,9280.444262397168,2.0478552104351118,3.4925743074885034,4640.222131198584,0.3488372093023256,14449.930120740475,3.188571996286965,0.6046511627906976,26289.852874380515,5.801210660626946,0.7209302325581395,31389.63861219873,6.926547174699827,0.8023255813953488,36383.38016600118,8.028483609139352
main,lgbm,raw,2023Q4_shift,TenneT DE|down,24094.311567667603,1190980945.937558,12672.151567682165,0.8857017236879466,1.6840370928786914,6336.075783841083,0.26744186046511625,25743.172354420745,1.7992818351111932,0.627906976744186,42035.810603666265,2.9380322441248348,0.7558139534883721,51680.954921579316,3.612165669847198,0.813953488372093,61380.701612753925,4.29011544955309
main,lgbm,raw,2023Q4_shift,TenneT DE|up,4603.044769268461,51744747.48717471,2584.4815293682286,0.7235127718896927,1.2885995284941636,1292.2407646841145,0.26744186046511625,4693.033431973672,1.3137914078141173,0.5465116279069767,7313.847165448474,2.047475199849748,0.6627906976744186,9668.04626884518,2.7065215499682367,0.813953488372093,11817.023588787184,3.3081170807590454
main,lgbm,raw,2023Q4_shift,TransnetBW|down,42.19554890449042,64806.40313309657,46.03862431820724,0.2120123687648851,0.19431463053159984,23.019312159103624,0.5232558139534884,20.692287591621003,0.0952900086054231,0.872093023255814,145.15170117687538,0.6684377835458412,0.9651162790697675,461.9756325639826,2.1274429812363285,0.9883720930232558,860.1126702297538,3.960902987884967
main,lgbm,raw,2023Q4_shift,TransnetBW|up,9816.946374335812,171156435.68397936,4480.128493855286,0.4687496198221701,1.027133459921068,2240.064246927643,0.32558139534883723,14635.30029447615,1.5312711361801816,0.6162790697674418,22338.842704158007,2.337282075548336,0.8255813953488372,28006.689204872342,2.9303009802659563,0.9534883720930233,36449.230815700845,3.8136323793176867
main,lgbm,raw,2024_primary,50Hertz|down,7573.9755457598885,175261353.6930267,4097.733027226803,0.5951969042701867,1.1001221328723896,2048.866513613402,0.4519774011299435,11325.400414732127,1.6450176772572245,0.6779661016949152,19309.591325816913,2.804723710277125,0.8220338983050848,24902.101274162484,3.6170373935353566,0.9350282485875706,30255.656784014744,4.394642875671688
main,lgbm,raw,2024_primary,50Hertz|up,483.3009749344075,2671714.468120678,361.49266105563004,1.3799788211912263,1.8449755182385792,180.74633052781502,0.2824858757062147,349.3964254641044,1.3338020913962165,0.6299435028248588,1217.5258038747647,4.6478393743723565,0.903954802259887,1972.6805041978714,7.530601890562211,0.940677966101695,2768.0834376387634,10.56700987532318
main,lgbm,raw,2024_primary,Amprion|down,538.2589410380356,2072893.0298837943,419.03765590846774,0.21519520367658726,0.2764208438411217,209.5188279542339,0.3163841807909605,1182.848800830522,0.6074475289374285,0.7457627118644068,3798.8894082757292,1.950905290805885,0.9774011299435028,6128.689479965197,3.147365307903865,0.9971751412429378,8857.580734609135,4.54877709291689
main,lgbm,raw,2024_primary,Amprion|up,11804.940287973983,414063595.24423707,6701.393560999029,1.4787528843498867,2.604919311412195,3350.6967804995147,0.3305084745762712,11444.79534127487,2.5254484709268983,0.5508474576271186,21915.933934645214,4.836046446770218,0.6977401129943502,27563.59428065719,6.08227888342309,0.8728813559322034,33643.560338666655,7.423905406801099
main,lgbm,raw,2024_primary,TenneT DE|down,16183.714373122282,731413206.2938838,8687.83341694309,0.6072235635284214,1.131137332077349,4343.916708471545,0.3898305084745763,20663.357780089926,1.4442355353199021,0.6468926553672316,35915.45727321224,2.5102589914605358,0.7768361581920904,45936.382824307504,3.2106571035056137,0.844632768361582,56622.92495550623,3.9575775246600937
main,lgbm,raw,2024_primary,TenneT DE|up,3640.819441871566,39788888.073556125,1982.4751658936518,0.5549840794678912,1.0192293256521359,991.2375829468259,0.5028248587570622,5461.959776311059,1.5290485201009847,0.6779661016949152,8489.083575322742,2.3764767976060592,0.7259887005649718,10853.724363684349,3.038446245586268,0.8305084745762712,13227.496466357654,3.7029719596699806
main,lgbm,raw,2024_primary,TransnetBW|down,418.0982150361445,1590827.0406974887,262.91245638638657,1.2107375813622687,1.925383181163547,131.4562281931933,0.2824858757062147,151.57905283584364,0.6980363666982022,0.7146892655367232,595.6635064911954,2.743088718835845,0.8615819209039548,1088.4907695193674,5.01260647645477,0.923728813559322,1557.5451416337135,7.172647745806079
main,lgbm,raw,2024_primary,TransnetBW|up,6045.748175909168,96531971.27933869,3050.2131387105974,0.31913956287374395,0.6325582319535903,1525.1065693552991,0.556497175141243,14259.15908305981,1.4919160038234456,0.7542372881355932,22334.44877083778,2.3368223444097747,0.8926553672316384,28070.094008987624,2.936934936828742,0.9887005649717514,36474.872292497275,3.816315211409778
main,lgbm,rolling,2023Q4_shift,50Hertz|down,10323.65337502564,229957131.98147166,5336.143791279884,0.7750764249909673,1.4995136307677355,2668.071895639942,0.4069767441860465,14106.280601686969,2.0489413266077974,0.7558139534883721,22867.01543244402,3.3214405879682882,0.8604651162790697,34758.03746385128,5.048614968211401,0.8837209302325582,39873.0361978699,5.791570009841863
main,lgbm,rolling,2023Q4_shift,50Hertz|up,535.9466336773311,1504084.8211797073,339.05282192806754,1.2943159403555653,2.04594749338392,169.5264109640338,0.5348837209302325,419.7315423036994,1.6023026228903117,0.9418604651162791,2197.47040179471,8.388725253275915,1.0,4853.008581197911,18.52609964903766,1.0,8672.076040963195,33.10518459031018
main,lgbm,rolling,2023Q4_shift,Amprion|down,575.110009681933,3402112.4639911824,498.50270074217286,0.25600417696822303,0.2953455707975354,249.2513503710865,0.313953488372093,1155.765632644746,0.5935390703257318,0.6976744186046512,3368.4168934719874,1.729837758582483,0.9651162790697675,5015.753923596019,2.575821461295254,0.9767441860465116,7422.350638515653,3.81172010413145
main,lgbm,rolling,2023Q4_shift,Amprion|up,15827.603937897871,606564622.8331112,8186.520470367206,1.8064661697827793,3.4925743074885034,4093.2602351836035,0.38372093023255816,15602.048399770256,3.4428024354813953,0.7906976744186046,32909.67021382044,7.26196265130795,0.8604651162790697,50173.674588112845,11.071498090696187,0.9418604651162791,65737.73563965279,14.505918105379124
main,lgbm,rolling,2023Q4_shift,TenneT DE|down,24094.311567667603,1190980945.937558,11665.715037123551,0.8153582965960842,1.6840370928786914,5832.857518561776,0.37209302325581395,28960.000714668236,2.024117405318992,0.7441860465116279,44264.911506778175,3.093832030894722,0.8953488372093024,83596.91806963303,5.842885798344098,0.9302325581395349,107628.92482309953,7.522568186259136
main,lgbm,rolling,2023Q4_shift,TenneT DE|up,4603.044769268461,51744747.48717471,2342.2616759682355,0.6557045265806292,1.2885995284941636,1171.130837984118,0.3023255813953488,4897.161140085062,1.3709359461816497,0.813953488372093,9283.564832407597,2.5988878808334115,0.9069767441860465,14738.620321036156,4.126003579878287,0.9534883720930233,18400.866591704387,5.151231239865305
main,lgbm,rolling,2023Q4_shift,TransnetBW|down,42.19554890449042,64806.40313309657,46.03862457494047,0.21201236994716674,0.19431463053159984,23.01931228747024,0.5232558139534884,20.692293791787954,0.09529003715779844,0.872093023255814,145.15170126455482,0.6684377839496135,0.9651162790697675,461.9756325639826,2.1274429812363285,0.9883720930232558,860.1126702297538,3.960902987884967
main,lgbm,rolling,2023Q4_shift,TransnetBW|up,9816.946374335812,171156435.68397936,4461.93695459474,0.4668462643438492,1.027133459921068,2230.96847729737,0.3488372093023256,15342.865980660774,1.6053027508655995,0.6744186046511628,22619.04794454229,2.3665995605451307,0.9069767441860465,29315.445696846236,3.067234353693521,0.9651162790697675,36459.20287992685,3.814675742542914
main,lgbm,rolling,2024_primary,50Hertz|down,7573.9755457598885,175261353.6930267,4070.2893940388003,0.5912107086330152,1.1001221328723896,2035.1446970194006,0.5451977401129944,12055.450697283943,1.7510576913941351,0.8163841807909604,19538.570308117734,2.837982973509465,0.9152542372881356,27260.622713194745,3.959613312913125,0.9548022598870056,40472.623822563,5.878660285290472
main,lgbm,rolling,2024_primary,50Hertz|up,483.3009749344075,2671714.468120678,356.74908470697244,1.36187047321333,1.8449755182385792,178.37454235348622,0.5028248587570622,349.9136281159925,1.3357764847456837,0.8192090395480226,1231.008187286513,4.6993076490340355,0.923728813559322,2238.344064266596,8.544758264820347,0.9661016949152542,4307.45827468045,16.44349065030996
main,lgbm,rolling,2024_primary,Amprion|down,538.2589410380356,2072893.0298837943,419.02958846712517,0.21519106067259133,0.2764208438411217,209.51479423356258,0.5480225988700564,1184.276555143111,0.6081807467658635,0.8587570621468926,3798.9672116520724,1.9509452464356065,0.9774011299435028,6128.689479965197,3.147365307903865,0.9971751412429378,8857.580734609135,4.54877709291689
main,lgbm,rolling,2024_primary,Amprion|up,11804.940287973983,414063595.24423707,6279.2721561524495,1.3856061023737434,2.604919311412195,3139.6360780762247,0.5028248587570622,13189.106754934775,2.9103543133722245,0.7937853107344632,24937.81713366811,5.5028657368250755,0.8954802259887006,36834.69959326721,8.128073328614548,0.9491525423728814,56474.67081259717,12.461897901783376
main,lgbm,rolling,2024_primary,TenneT DE|down,16183.714373122282,731413206.2938838,8506.221716956816,0.5945300761706813,1.131137332077349,4253.110858478408,0.53954802259887,24248.068956068608,1.6947837433751893,0.7966101694915254,37861.472622031695,2.6462729224466734,0.903954802259887,51277.33739173886,3.5839554057905354,0.9548022598870056,74582.40825870167,5.212829660276285
main,lgbm,rolling,2024_primary,TenneT DE|up,3640.819441871566,39788888.073556125,1900.8549404015898,0.5321349025954765,1.0192293256521359,950.4274702007949,0.5706214689265536,5778.2250825412175,1.617585422285408,0.788135593220339,9745.037202904225,2.7280747796889577,0.8587570621468926,13610.12874183142,3.8100879653742887,0.9180790960451978,17665.893543506154,4.945479184250457
main,lgbm,rolling,2024_primary,TransnetBW|down,418.0982150361445,1590827.0406974887,263.5165731512058,1.2135195981626545,1.925383181163547,131.7582865756029,0.5056497175141242,153.2893972719738,0.7059126701429251,0.847457627118644,833.661577442275,3.839093117991107,0.9378531073446328,1703.903240739961,7.846641109833894,0.963276836158192,2391.234549031534,11.011869023464968
main,lgbm,rolling,2024_primary,TransnetBW|up,6045.748175909168,96531971.27933869,3053.634349701228,0.31949751942641624,0.6325582319535903,1526.817174850614,0.615819209039548,15103.148025775212,1.580221394299315,0.8333333333333334,22521.86055293728,2.356430978789308,0.9322033898305084,28132.785603905224,2.943494271304077,0.9887005649717514,36474.89539200813,3.816317628279505
main,lgbm,static,2023Q4_shift,50Hertz|down,10323.65337502564,229957131.98147166,5432.5725947149185,0.7890827365065451,1.4995136307677355,2716.2862973574593,0.4069767441860465,14116.443730210653,2.0504175239576012,0.8255813953488372,23381.908616428194,3.396228971472277,0.8604651162790697,29674.997237982006,4.310301909108644,0.8604651162790697,32954.998871641794,4.786723092573753
main,lgbm,static,2023Q4_shift,50Hertz|up,535.9466336773311,1504084.8211797073,436.0517088101279,1.6646039821251535,2.04594749338392,218.02585440506397,0.5581395348837209,421.7933247713454,1.6101733667415046,0.9883720930232558,4735.998264609603,18.079419048991134,1.0,7176.732721845503,27.39679177047739,1.0,14982.942823073385,57.196579633406465
main,lgbm,static,2023Q4_shift,Amprion|down,575.110009681933,3402112.4639911824,498.5330687063924,0.256019772321417,0.2953455707975354,249.26653435319625,0.29069767441860467,1154.5940754091441,0.5929374215374206,0.6744186046511628,3368.391640296629,1.729824789909768,0.9651162790697675,5015.753923596019,2.575821461295254,0.9767441860465116,7422.350638515653,3.81172010413145
main,lgbm,static,2023Q4_shift,Amprion|up,15827.603937897871,606564622.8331112,8265.402540698973,1.823872562641939,3.4925743074885034,4132.701270349487,0.38372093023255816,15188.227076282608,3.3514871784169196,0.7906976744186046,28736.570830464727,6.341111981421902,0.8604651162790697,48752.794505818594,10.757961734282777,0.9418604651162791,61448.47870604132,13.559435705179643
main,lgbm,static,2023Q4_shift,TenneT DE|down,24094.311567667603,1190980945.937558,11712.808668497248,0.8186498379148276,1.6840370928786914,5856.404334248624,0.32558139534883723,27376.91077234308,1.913469621224747,0.6511627906976745,42788.85349636935,2.99066508903012,0.8953488372093024,73245.02385947687,5.11935511009432,0.9186046511627907,92649.13007382369,6.475577076733446
main,lgbm,static,2023Q4_shift,TenneT DE|up,4603.044769268461,51744747.48717471,2334.1649861031747,0.6534378984539296,1.2885995284941636,1167.0824930515873,0.26744186046511625,4693.033431973672,1.3137914078141173,0.8023255813953488,9720.873692514468,2.7213103249300374,0.8953488372093024,13859.15506561447,3.8798016482721565,0.9186046511627907,17266.490826208363,4.833668376624742
main,lgbm,static,2023Q4_shift,TransnetBW|down,42.19554890449042,64806.40313309657,46.03862338367623,0.2120123644612784,0.19431463053159984,23.01931169183812,0.627906976744186,20.69234436833713,0.0952902700677551,0.872093023255814,145.15170533261448,0.6684378026834263,0.9651162790697675,461.9756325639826,2.1274429812363285,0.9883720930232558,860.1126702297538,3.960902987884967
main,lgbm,static,2023Q4_shift,TransnetBW|up,9816.946374335812,171156435.68397936,4478.318972320179,0.46856029209801997,1.027133459921068,2239.1594861600893,0.3372093023255814,14717.261074892233,1.539846578762478,0.6511627906976745,22354.714776076034,2.3389427483811733,0.8953488372093024,28007.610610353542,2.930397385641295,0.9534883720930233,36449.230815700845,3.8136323793176867
main,lgbm,static,2024_primary,50Hertz|down,7573.9755457598885,175261353.6930267,4080.932514366238,0.5927566249307767,1.1001221328723896,2040.4662571831193,0.5875706214689266,12090.217455090955,1.7561075729947062,0.8757062146892656,20219.750403682403,2.9369245788889997,0.9152542372881356,26080.8148950465,3.7882458869901057,0.943502824858757,30258.308236802608,4.395027999953985
main,lgbm,static,2024_primary,50Hertz|up,483.3009749344075,2671714.468120678,467.14846532246025,1.7833141801951362,1.8449755182385792,233.57423266123016,0.7909604519774012,354.8662969833076,1.3546830321851524,0.9717514124293786,5103.04977053213,19.48061846194819,0.9943502824858758,7860.838278637547,30.008327996622164,1.0,15723.602755716396,60.0240091523559
main,lgbm,static,2024_primary,Amprion|down,538.2589410380356,2072893.0298837943,419.03645538199595,0.21519458715075723,0.2764208438411217,209.518227690998,0.4096045197740113,1182.9028667785337,0.6074752943005894,0.7937853107344632,3798.8895608559737,1.9509053691628926,0.9774011299435028,6128.689479965197,3.147365307903865,0.9971751412429378,8857.580734609135,4.54877709291689
main,lgbm,static,2024_primary,Amprion|up,11804.940287973983,414063595.24423707,6182.406163558785,1.3642313144823213,2.604919311412195,3091.2030817793925,0.4406779661016949,12116.854551624903,2.6737474010990976,0.8022598870056498,24231.801539489905,5.347073872523439,0.9463276836158192,44926.355179990096,9.91360628218854,0.96045197740113,58708.63900223759,12.954853116830346
main,lgbm,static,2024_primary,TenneT DE|down,16183.714373122282,731413206.2938838,8392.317912164266,0.5865689343156024,1.131137332077349,4196.158956082133,0.4548022598870056,22249.41741298328,1.5550908816454716,0.7231638418079096,36634.972435811556,2.5605484641148144,0.9519774011299436,67495.19784008064,4.7174793284573004,0.9689265536723164,87890.86776043527,6.1430052076062225
main,lgbm,static,2024_primary,TenneT DE|up,3640.819441871566,39788888.073556125,1889.001767831794,0.5288166657869681,1.0192293256521359,944.5008839158971,0.5028248587570622,5461.959776311059,1.5290485201009847,0.8870056497175142,10895.048787473619,3.0500148128454154,0.940677966101695,15046.975296273886,4.212326024177109,0.963276836158192,18677.5072814781,5.228675427413662
main,lgbm,static,2024_primary,TransnetBW|down,418.0982150361445,1590827.0406974887,262.9124538368441,1.2107375696213762,1.925383181163547,131.45622691842206,0.3107344632768362,151.57913123221547,0.6980367277211639,0.7288135593220338,595.663512102778,2.7430887446777317,0.8615819209039548,1088.4907695193674,5.01260647645477,0.923728813559322,1557.5451416337135,7.172647745806079
main,lgbm,static,2024_primary,TransnetBW|up,6045.748175909168,96531971.27933869,3050.6796736934616,0.31918837578081827,0.6325582319535903,1525.3398368467313,0.5875706214689266,14338.57619822663,1.5002253062447664,0.8305084745762712,22347.243293035743,2.338161017491212,0.9661016949152542,28070.96951484364,2.9370265397900686,0.9887005649717514,36474.87410050976,3.816315400579613
main,seasonal,adaptive,2023Q4_shift,50Hertz|down,9851.18023255814,246926196.88081396,5696.088611111111,0.8273585139040719,1.430886770530874,2848.0443055555556,0.5232558139534884,10681.744186046511,1.5515264243663132,0.7790697674418605,23084.073255813953,3.3529682994270416,0.8488372093023255,37937.63953488372,5.510453086242812,0.9186046511627907,49784.33139534884,7.231188496368737
main,seasonal,adaptive,2023Q4_shift,50Hertz|up,646.4302325581396,1631460.1046511629,395.7156072351421,1.5106230804372698,2.4677126990710128,197.85780361757108,0.7790697674418605,1581.9447674418604,6.0389891982567745,0.9534883720930233,3407.297674418605,13.00717589801416,1.0,5457.778488372091,20.834776293141704,1.0,8888.381395348837,33.93091866494058
main,seasonal,adaptive,2023Q4_shift,Amprion|down,473.1860465116279,3428548.581395349,408.7775452196382,0.2099261626290942,0.24300290491848175,204.38877260981914,0.7674418604651163,132.63662790697674,0.06811503872017721,0.8488372093023255,937.8593023255817,0.48163409836375326,0.9186046511627907,2490.651162790696,1.2790644867036685,0.9651162790697675,4555.131395348836,2.3392705036748027
main,seasonal,adaptive,2023Q4_shift,Amprion|up,16758.377906976744,645251706.125,8834.697739018087,1.949495227375486,3.697962138978285,4417.348869509044,0.46511627906976744,17953.116279069767,3.9615972766096688,0.8023255813953488,39614.04767441861,8.741373973354214,0.8953488372093024,58710.23372093023,12.95520501302104,0.9186046511627907,76519.50465116279,16.88506087307949
main,seasonal,adaptive,2023Q4_shift,TenneT DE|down,21242.595581395348,1322569180.6318297,12486.106124224807,0.8726983462366611,1.484720524494891,6243.0530621124035,0.5116279069767442,23934.64979651163,1.6728777640808443,0.813953488372093,56610.91653488372,3.956738213451787,0.8837209302325582,98600.1141104651,6.89151250733032,0.9534883720930233,122580.34933720929,8.567576399190367
main,seasonal,adaptive,2023Q4_shift,TenneT DE|up,4657.560523255815,45652774.493341565,2440.8911114502584,0.683315347336991,1.3038609431457466,1220.4455557251292,0.47674418604651164,6331.713488372093,1.7725317533622622,0.7558139534883721,11283.039895348837,3.158630997073272,0.872093023255814,16488.537691860463,4.615884259293514,0.9418604651162791,22129.532654069764,6.195052790755807
main,seasonal,adaptive,2023Q4_shift,TransnetBW|down,41.83720930232558,64809.59156976744,39.645744912790704,0.18257253371241608,0.19266444160866128,19.822872456395352,0.8372093023255814,0.5377906976744186,0.0024765787727628083,0.8604651162790697,12.534302325581399,0.05772168839134422,0.872093023255814,63.53023255813949,0.29256293584577014,0.9069767441860465,153.11199127906974,0.7050956981906638
main,seasonal,adaptive,2023Q4_shift,TransnetBW|up,8193.967499999999,160870229.34744507,4272.593824208657,0.44703555567641984,0.8573234351934828,2136.2969121043284,0.5348837209302325,9880.860174418603,1.033820672024759,0.813953488372093,19278.19476744186,2.017050734256913,0.8837209302325582,29402.82065116279,3.076376273768813,0.9186046511627907,37401.36100872093,3.913252438566325
main,seasonal,adaptive,2024_primary,50Hertz|down,7838.974576271186,198533175.02259886,4545.562129629629,0.660244210578633,1.1386133184979375,2272.7810648148147,0.5169491525423728,9981.110875706214,1.449759233928985,0.8022598870056498,20696.25423728814,3.0061368981764156,0.9011299435028248,33457.52259887005,4.859714808915752,0.9519774011299436,53111.98700564972,7.714531433687619
main,seasonal,adaptive,2024_primary,50Hertz|up,500.0819209039548,2615045.015536723,365.30272795040804,1.3945235469589958,1.909035878329723,182.65136397520402,0.7259887005649718,443.236581920904,1.6920318493932291,0.847457627118644,1334.0641242937857,5.0927181543891304,0.923728813559322,2250.9954802259876,8.593054365856142,0.9491525423728814,3809.7732344632764,14.54360473528799
main,seasonal,adaptive,2024_primary,Amprion|down,517.6016949152543,2162378.1624293784,406.4029786566228,0.2087067129496521,0.26581239320641226,203.2014893283114,0.7203389830508474,303.0762711864407,0.15564367303962084,0.8305084745762712,1022.7717514124296,0.5252405655112152,0.9096045197740112,2319.550282485874,1.1911962766102004,0.9463276836158192,5091.693220338982,2.6148197999868685
main,seasonal,adaptive,2024_primary,Amprion|up,12529.564971751412,407581630.20903957,6680.8988013967355,1.4742304391897743,2.764817522351959,3340.449400698368,0.536723163841808,16202.869350282486,3.5753816826873077,0.7937853107344632,32290.99548022599,7.1254437260352175,0.8898305084745762,47911.928813559316,10.572413376846221,0.9548022598870056,77353.67775423727,17.069132420436066
main,seasonal,adaptive,2024_primary,TenneT DE|down,16443.627217514124,849670698.0719026,9232.848638166979,0.6453166149172048,1.1493035647851069,4616.42431908349,0.5169491525423728,20798.712062146893,1.45369592728934,0.7824858757062146,43731.04858757062,3.0565184535412833,0.8926553672316384,61603.83086864405,4.3057107464915445,0.9548022598870056,84204.64618361581,5.885362076757696
main,seasonal,adaptive,2024_primary,TenneT DE|up,3948.021228813559,44493874.45572225,2109.749830390772,0.5906139898600743,1.1052289406132842,1054.8749151953862,0.5084745762711864,5781.5191807909605,1.6185075887348357,0.7937853107344632,11844.967872881356,3.315939944344528,0.8926553672316384,16800.936694915254,4.703338809100647,0.943502824858757,21168.570210451977,5.926036125957372
main,seasonal,adaptive,2024_primary,TransnetBW|down,421.4492231638418,1586582.6036487992,338.7280468141871,1.5598757920266018,1.940814901407684,169.36402340709355,0.6129943502824858,576.1251624293785,2.6531127330709765,0.807909604519774,1458.4728926553673,6.716410347408037,0.903954802259887,2689.383759887006,12.384875306232004,0.940677966101695,3894.692570621469,17.935440290336874
main,seasonal,adaptive,2024_primary,TransnetBW|up,6124.383008474576,119875172.43762182,3380.0063952369746,0.3536453731041163,0.6407856852331938,1690.0031976184873,0.4971751412429379,7495.401716101695,0.7842334677802214,0.7853107344632768,14983.275788135596,1.5676793286202007,0.8898305084745762,21279.87887853107,2.2264841617499087,0.9463276836158192,30461.829484463276,3.1871788966575925
main,seasonal,raw,2023Q4_shift,50Hertz|down,9851.18023255814,246926196.88081396,6059.701143410853,0.8801733391112463,1.430886770530874,3029.850571705427,0.46511627906976744,10275.75,1.4925556517266627,0.7093023255813954,20807.56744186047,3.022305173250861,0.8023255813953488,27164.593023255802,3.9456649727479864,0.8023255813953488,30603.18023255814,4.445120756822065
main,seasonal,raw,2023Q4_shift,50Hertz|up,646.4302325581396,1631460.1046511629,379.719697997416,1.449559555912875,2.4677126990710128,189.85984899870803,0.7790697674418605,1581.9447674418604,6.0389891982567745,0.9534883720930233,3406.8744186046515,13.005560141673504,0.9883720930232558,5153.086627906974,19.671631477965203,0.9883720930232558,6142.450290697673,23.44847413120301
main,seasonal,raw,2023Q4_shift,Amprion|down,473.1860465116279,3428548.581395349,417.14543604651163,0.21422346132156733,0.24300290491848175,208.57271802325582,0.7674418604651163,132.63662790697674,0.06811503872017721,0.8488372093023255,937.8593023255817,0.48163409836375326,0.9069767441860465,2139.9313953488354,1.098953676317352,0.9186046511627907,2828.1284883720923,1.4523746911464452
main,seasonal,raw,2023Q4_shift,Amprion|up,16758.377906976744,645251706.125,9518.387926356589,2.10036068951047,3.697962138978285,4759.193963178294,0.45348837209302323,17851.5,3.9391742739306674,0.6511627906976745,33506.22558139535,7.393600640100282,0.7558139534883721,43833.386046511616,9.672427899822987,0.7906976744186046,49470.745348837205,10.916387272235651
main,seasonal,raw,2023Q4_shift,TenneT DE|down,21242.595581395348,1322569180.6318297,13331.439612758397,0.931781708985793,1.484720524494891,6665.7198063792,0.4418604651162791,22687.352558139537,1.585699725838721,0.627906976744186,49833.18880232559,3.483018726800134,0.7209302325581395,65843.20133720929,4.6020154198775485,0.7558139534883721,74572.16020348837,5.212113387264682
main,seasonal,raw,2023Q4_shift,TenneT DE|up,4657.560523255815,45652774.493341565,2588.3859912144703,0.7246058065974323,1.3038609431457466,1294.1929956072352,0.3023255813953488,5402.273895348837,1.5123397540730799,0.5348837209302325,9777.758093023256,2.7372348304146854,0.627906976744186,12828.425186046508,3.591253936183055,0.686046511627907,14525.765093023256,4.066415815647495
main,seasonal,raw,2023Q4_shift,TransnetBW|down,41.83720930232558,64809.59156976744,40.32932332041344,0.18572047915133544,0.19266444160866128,20.16466166020672,0.8372093023255814,0.5377906976744186,0.0024765787727628083,0.8604651162790697,12.534302325581399,0.05772168839134422,0.872093023255814,48.64883720930227,0.22403265447535192,0.872093023255814,69.97412790697672,0.3222377043083828
main,seasonal,raw,2023Q4_shift,TransnetBW|up,8193.967499999999,160870229.34744507,4526.239653423773,0.4735741663830407,0.8573234351934828,2263.1198267118866,0.47674418604651164,9264.479069767442,0.9693295734174129,0.7441860465116279,17601.41069767442,1.8416111466858454,0.7906976744186046,21633.334953488367,2.2634657797966478,0.8255813953488372,23790.17491860465,2.4891329487299005
main,seasonal,raw,2024_primary,50Hertz|down,7838.974576271186,198533175.02259886,4675.738803750784,0.6791524100465561,1.1386133184979375,2337.869401875392,0.4180790960451977,9179.92372881356,1.3333865697258476,0.6384180790960452,19338.611016949155,2.8089388287853407,0.7655367231638418,26742.625282485864,3.8843740366768964,0.7966101694915254,30835.295692090393,4.478835594277044
main,seasonal,raw,2024_primary,50Hertz|up,500.0819209039548,2615045.015536723,369.9464147834275,1.412250572075075,1.909035878329723,184.97320739171377,0.7259887005649718,443.236581920904,1.6920318493932291,0.847457627118644,1334.0641242937857,5.0927181543891304,0.923728813559322,2238.517231638417,8.545419321963074,0.9322033898305084,2746.8617231638414,10.485997119934895
main,seasonal,raw,2024_primary,Amprion|down,517.6016949152543,2162378.1624293784,406.76368565599495,0.2088919526652314,0.26581239320641226,203.38184282799747,0.7203389830508474,303.0762711864407,0.15564367303962084,0.827683615819209,1014.3423728813561,0.5209116900407549,0.9096045197740112,2214.23474576271,1.137111880957699,0.9322033898305084,2912.2515536723154,1.4955757732351984
main,seasonal,raw,2024_primary,Amprion|up,12529.564971751412,407581630.20903957,6916.181552495292,1.5261487519493215,2.764817522351959,3458.090776247646,0.4491525423728814,14883.495056497175,3.284243947720244,0.7146892655367232,29191.62598870057,6.441526040326872,0.827683615819209,40634.35720338981,8.966519033879642,0.8418079096045198,47022.18848870056,10.376080172456545
main,seasonal,raw,2024_primary,TenneT DE|down,16443.627217514124,849670698.0719026,9559.287649497803,0.6681325979387511,1.1493035647851069,4779.643824748901,0.4067796610169492,19245.935444915252,1.3451668492524402,0.6581920903954802,40099.17672033899,2.8026740171138873,0.768361581920904,53758.12950847456,3.757346786265175,0.7937853107344632,61219.427550847446,4.278843432022855
main,seasonal,raw,2024_primary,TenneT DE|up,3948.021228813559,44493874.45572225,2216.393247520402,0.6204682849883154,1.1052289406132842,1108.196623760201,0.4293785310734463,5271.1191172316385,1.4756236251381796,0.6497175141242938,10152.449231638418,2.842127754284112,0.7711864406779662,12836.962587570619,3.5936439393505197,0.7994350282485876,14278.629019774009,3.9972312990012484
main,seasonal,raw,2024_primary,TransnetBW|down,421.4492231638418,1586582.6036487992,326.70936896971125,1.5045286048122863,1.940814901407684,163.35468448485562,0.5988700564971752,570.8815960451977,2.6289655969141204,0.7994350282485876,1331.6229604519776,6.132254000375968,0.8728813559322034,1627.845105932203,7.496385958572684,0.8785310734463276,1777.6675529661015,8.186332983711017
main,seasonal,raw,2024_primary,TransnetBW|up,6124.383008474576,119875172.43762182,3550.9967808968927,0.3715358595893287,0.6407856852331938,1775.4983904484463,0.4604519774011299,7193.180642655367,0.752612496757958,0.6751412429378532,14121.567867231639,1.4775200260744181,0.768361581920904,18621.354772598865,1.9483264781805656,0.7937853107344632,21070.3838269774,2.2045649855688914
main,seasonal,rolling,2023Q4_shift,50Hertz|down,9851.18023255814,246926196.88081396,5712.819328165374,0.8297886553824827,1.430886770530874,2856.4096640826874,0.4883720930232558,10540.595930232557,1.531024599492559,0.7674418604651163,21434.20581395349,3.1133245775625893,0.8372093023255814,36400.891279069765,5.287239958782898,0.872093023255814,43114.902325581395,6.262452000067104
main,seasonal,rolling,2023Q4_shift,50Hertz|up,646.4302325581396,1631460.1046511629,396.9698966408269,1.5154112628873224,2.4677126990710128,198.48494832041348,0.7790697674418605,1581.9447674418604,6.0389891982567745,0.9534883720930233,3407.781395348837,13.009022476689198,1.0,5570.906395348835,21.266636002983986,1.0,8888.381395348837,33.93091866494058
main,seasonal,rolling,2023Q4_shift,Amprion|down,473.1860465116279,3428548.581395349,408.0437015503876,0.2095492999876478,0.24300290491848175,204.02185077519383,0.7674418604651163,132.63662790697674,0.06811503872017721,0.8488372093023255,937.8593023255817,0.48163409836375326,0.9186046511627907,2424.605232558138,1.2451468489734938,0.9651162790697675,4555.131395348836,2.3392705036748027
main,seasonal,rolling,2023Q4_shift,Amprion|up,16758.377906976744,645251706.125,8828.884394379844,1.9482124344648362,3.697962138978285,4414.442197189923,0.46511627906976744,17929.029069767443,3.9562821089646802,0.8023255813953488,38758.28488372093,8.552538370200226,0.8837209302325582,56778.03662790697,12.528839661033766,0.9186046511627907,71855.74563953489,15.85593953770616
main,seasonal,rolling,2023Q4_shift,TenneT DE|down,21242.595581395348,1322569180.6318297,12451.754362015503,0.8702973794522918,1.484720524494891,6225.877181007753,0.5116279069767442,23635.92159883721,1.6519985883401442,0.7906976744186046,53373.760116279074,3.730481842977355,0.8837209302325582,94993.98666279067,6.639467439909473,0.9418604651162791,119884.37108139535,8.37914489444974
main,seasonal,rolling,2023Q4_shift,TenneT DE|up,4657.560523255815,45652774.493341565,2449.4448825419895,0.6857099330836345,1.3038609431457466,1224.722441270995,0.4186046511627907,6106.687994186046,1.709536983543113,0.7558139534883721,11111.264860465117,3.1105434289409706,0.8604651162790697,15165.450941860461,4.245492692913457,0.9302325581395349,21348.073404069764,5.9762871537560525
main,seasonal,rolling,2023Q4_shift,TransnetBW|down,41.83720930232558,64809.59156976744,39.384452923126624,0.18136925853883398,0.19266444160866128,19.692226461563312,0.8372093023255814,0.5377906976744186,0.0024765787727628083,0.8604651162790697,12.534302325581399,0.05772168839134422,0.872093023255814,57.212790697674365,0.263470498067564,0.9069767441860465,112.63292151162788,0.51868562200165
main,seasonal,rolling,2023Q4_shift,TransnetBW|up,8193.967499999999,160870229.34744507,4295.450936934754,0.4494270636243026,0.8573234351934828,2147.7254684673776,0.5116279069767442,9774.838226744187,1.022727742941731,0.813953488372093,19016.50784883721,1.9896707955393944,0.8837209302325582,28973.88896511628,3.031497747396244,0.9069767441860465,34644.27472965116,3.624782331759468
main,seasonal,rolling,2024_primary,50Hertz|down,7838.974576271186,198533175.02259886,4553.4198567953545,0.6613855477161588,1.1386133184979375,2276.7099283976777,0.4943502824858757,9728.168785310734,1.4130193223333032,0.7994350282485876,20196.339830508477,2.9335241863822823,0.8983050847457628,31573.314548022594,4.586033045996135,0.9350282485875706,47468.400776836155,6.894798905957532
main,seasonal,rolling,2024_primary,50Hertz|up,500.0819209039548,2615045.015536723,366.1510655994978,1.3977620303781182,1.909035878329723,183.0755327997489,0.7259887005649718,443.236581920904,1.6920318493932291,0.847457627118644,1348.2180790960456,5.146750116770272,0.923728813559322,2446.2507062146883,9.33843070573666,0.9519774011299436,3970.983333333333,15.159015630638327
main,seasonal,rolling,2024_primary,Amprion|down,517.6016949152543,2162378.1624293784,403.9240721123666,0.20743367986738673,0.26581239320641226,201.9620360561833,0.7203389830508474,303.0762711864407,0.15564367303962084,0.8305084745762712,1031.2245762711866,0.5295814817545996,0.9096045197740112,2327.4060734463264,1.1952305883526861,0.9491525423728814,4957.506709039548,2.5459088245110983
main,seasonal,rolling,2024_primary,Amprion|up,12529.564971751412,407581630.20903957,6676.544361268047,1.4732695732383247,2.764817522351959,3338.2721806340237,0.5141242937853108,15865.910310734464,3.501027125369662,0.7994350282485876,32345.066949152544,7.137375325024049,0.8870056497175142,47201.18912429378,10.415579077240235,0.9491525423728814,71053.38276836158,15.678887347106883
main,seasonal,rolling,2024_primary,TenneT DE|down,16443.627217514124,849670698.0719026,9236.315251828311,0.6455589088701141,1.1493035647851069,4618.157625914156,0.4830508474576271,20459.786687853106,1.4300072279701843,0.7909604519774012,43290.49523163842,3.0257266132889313,0.8954802259887006,61291.40985028247,4.283874530833827,0.9548022598870056,86833.50417937852,6.069102307904863
main,seasonal,rolling,2024_primary,TenneT DE|up,3948.021228813559,44493874.45572225,2118.946420052574,0.5931885294737386,1.1052289406132842,1059.473210026287,0.4971751412429379,5670.903446327684,1.5875412630920662,0.7796610169491526,11137.594968926554,3.117914412072643,0.8785310734463276,16049.789179378531,4.493058791662535,0.9293785310734464,19699.149663135595,5.51467913958323
main,seasonal,rolling,2024_primary,TransnetBW|down,421.4492231638418,1586582.6036487992,334.2926070032957,1.5394501577956228,1.940814901407684,167.14630350164785,0.6073446327683616,573.1885593220339,2.6395893884851946,0.8220338983050848,1386.864805084746,6.386648099004653,0.8954802259887006,2281.7023686440684,10.507462617673529,0.923728813559322,3059.209568502825,14.087959333528199
main,seasonal,rolling,2024_primary,TransnetBW|up,6124.383008474576,119875172.43762182,3391.397277856246,0.3548371853265885,0.6407856852331938,1695.698638928123,0.4830508474576271,7401.594555084746,0.7744185548544869,0.7994350282485876,15006.93075423729,1.5701543148582704,0.8898305084745762,21739.55626553672,2.2745795680971326,0.9378531073446328,28129.187474576265,2.943117804031467
main,seasonal,static,2023Q4_shift,50Hertz|down,9851.18023255814,246926196.88081396,5977.337745478037,0.8682100318022871,1.430886770530874,2988.6688727390183,0.46511627906976744,10302.912790697674,1.4965010549111002,0.7558139534883721,20939.911627906982,3.041528204451201,0.813953488372093,27629.004651162784,4.0131208956694415,0.8255813953488372,32537.46395348837,4.726076025266441
main,seasonal,static,2023Q4_shift,50Hertz|up,646.4302325581396,1631460.1046511629,427.7679279715762,1.6329810936183469,2.4677126990710128,213.88396398578817,0.7790697674418605,1581.9447674418604,6.0389891982567745,0.9534883720930233,3412.0744186046513,13.025410862430153,1.0,6115.6866279069745,23.346305285725443,1.0,13332.550290697676,50.89629476820376
main,seasonal,static,2023Q4_shift,Amprion|down,473.1860465116279,3428548.581395349,401.73957364341084,0.2063118389389409,0.24300290491848175,200.86978682170542,0.7674418604651163,132.63662790697674,0.06811503872017721,0.8488372093023255,937.8593023255817,0.48163409836375326,0.9418604651162791,2672.531395348836,1.3724683923866543,0.9651162790697675,4976.303488372093,2.555561839460701
main,seasonal,static,2023Q4_shift,Amprion|up,16758.377906976744,645251706.125,9168.09263888889,2.0230633091966634,3.697962138978285,4584.046319444445,0.45348837209302323,17851.5,3.9391742739306674,0.686046511627907,34004.87790697675,7.503635002062354,0.8488372093023255,47996.67093023255,10.591112867976808,0.9069767441860465,58770.61220930232,12.968528340925932
main,seasonal,static,2023Q4_shift,TenneT DE|down,21242.595581395348,1322569180.6318297,12540.034352664727,0.8764675818419619,1.484720524494891,6270.017176332365,0.46511627906976744,22831.227558139537,1.5957556610771058,0.6511627906976745,50308.28793023256,3.5162250938690858,0.872093023255814,75726.5060872093,5.292794724879927,0.9302325581395349,110784.51842151162,7.743123841267249
main,seasonal,static,2023Q4_shift,TenneT DE|up,4657.560523255815,45652774.493341565,2489.0957812177003,0.6968100052964908,1.3038609431457466,1244.5478906088501,0.3023255813953488,5402.273895348837,1.5123397540730799,0.6976744186046512,10323.072802325582,2.8898929757317435,0.813953488372093,13716.329691860463,3.839818394034621,0.9069767441860465,17244.409561046512,4.82748683607878
main,seasonal,static,2023Q4_shift,TransnetBW|down,41.83720930232558,64809.59156976744,40.32932332041344,0.18572047915133544,0.19266444160866128,20.16466166020672,0.8372093023255814,0.5377906976744186,0.0024765787727628083,0.8604651162790697,12.534302325581399,0.05772168839134422,0.872093023255814,48.64883720930227,0.22403265447535192,0.872093023255814,69.97412790697672,0.3222377043083828
main,seasonal,static,2023Q4_shift,TransnetBW|up,8193.967499999999,160870229.34744507,4407.541980539406,0.46115499378238073,0.8573234351934828,2203.770990269703,0.47674418604651164,9402.618604651163,0.9837829210274127,0.7558139534883721,17882.826337209306,1.8710552740640927,0.8488372093023255,22486.963529069762,2.352779751666412,0.8837209302325582,27831.386299418606,2.911959280826338
main,seasonal,static,2024_primary,50Hertz|down,7838.974576271186,198533175.02259886,4629.70574584118,0.6724660951061147,1.1386133184979375,2314.85287292059,0.423728813559322,9209.706214689266,1.3377124843905925,0.7429378531073446,19483.509887005654,2.829985431459757,0.864406779661017,27215.124576271173,3.9530046954002134,0.9124293785310734,32763.612782485874,4.758924207915064
main,seasonal,static,2024_primary,50Hertz|up,500.0819209039548,2615045.015536723,376.95764202762086,1.439015555572366,1.909035878329723,188.4788210138105,0.7259887005649718,443.236581920904,1.6920318493932291,0.8587570621468926,1339.2641242937857,5.112568875145783,0.96045197740113,3201.1172316384173,12.220093129723317,0.9943502824858758,9936.961723163844,37.93381775693564
main,seasonal,static,2024_primary,Amprion|down,517.6016949152543,2162378.1624293784,391.0413967357187,0.20081783064121922,0.26581239320641226,195.5206983678594,0.7203389830508474,303.0762711864407,0.15564367303962084,0.827683615819209,1014.3423728813561,0.5209116900407549,0.9350282485875706,2746.8347457627106,1.410626597027001,0.96045197740113,5060.426553672316,2.598762921549454
main,seasonal,static,2024_primary,Amprion|up,12529.564971751412,407581630.20903957,6714.390365269931,1.481620804526188,2.764817522351959,3357.1951826349655,0.4491525423728814,14883.495056497175,3.284243947720244,0.7796610169491526,29699.703954802262,6.553640297012239,0.8954802259887006,44719.48926553671,9.867958527749536,0.9293785310734464,56254.3711158192,12.413285802066126
main,seasonal,static,2024_primary,TenneT DE|down,16443.627217514124,849670698.0719026,9128.452013002197,0.6380199636451773,1.1493035647851069,4564.226006501099,0.4180790960451977,19388.67732344633,1.355143586603014,0.7231638418079096,40555.91410734464,2.8345970168336287,0.9011299435028248,63677.244254237296,4.45062897917912,0.9689265536723164,97502.49402683615,6.814795937548754
main,seasonal,static,2024_primary,TenneT DE|up,3948.021228813559,44493874.45572225,2153.3731176867545,0.6028261125437956,1.1052289406132842,1076.6865588433775,0.4293785310734463,5271.1191172316385,1.4756236251381796,0.7627118644067796,10595.373742937854,2.9661222720497227,0.8700564971751412,13618.413682203387,3.81240729329571,0.9350282485875706,16900.599935028247,4.731239038330488
main,seasonal,static,2024_primary,TransnetBW|down,421.4492231638418,1586582.6036487992,326.70936896971125,1.5045286048122863,1.940814901407684,163.35468448485562,0.5988700564971752,570.8815960451977,2.6289655969141204,0.7994350282485876,1331.6229604519776,6.132254000375968,0.8728813559322034,1627.845105932203,7.496385958572684,0.8785310734463276,1777.6675529661015,8.186332983711017
main,seasonal,static,2024_primary,TransnetBW|up,6124.383008474576,119875172.43762182,3460.919827212806,0.3621112330742486,0.6407856852331938,1730.4599136064032,0.4887005649717514,7343.455183615819,0.7683355131939322,0.788135593220339,14401.91148305085,1.5068519891007157,0.8757062146892656,19444.784137005645,2.034480748542561,0.9180790960451978,25088.2717259887,2.6249510141689183
main,transformer,adaptive,2023Q4_shift,50Hertz|down,9989.032063222487,250470373.39551592,5289.554235647433,0.7683092785957506,1.450909788700734,2644.7771178237167,0.45348837209302323,8846.7706903502,1.2849959947850016,0.8023255813953488,21329.5129107808,3.0981179031761865,0.8372093023255814,36756.561531386265,5.338901165531412,0.9186046511627907,46492.85961800509,6.753101271224759
main,transformer,adaptive,2023Q4_shift,50Hertz|up,539.5565433590912,1574658.6509176067,343.3825480918398,1.310844437476683,2.059728129739565,171.6912740459199,0.5930232558139535,158.21272109220192,0.6039685666444948,0.9186046511627907,2075.482913754569,7.923044568489322,0.9883720930232558,3834.1694655285323,14.636736037286289,1.0,7862.720101148028,30.015511753000848
main,transformer,adaptive,2023Q4_shift,Amprion|down,496.2230685455855,3389112.0808210988,427.2570340634624,0.21941623424799095,0.2548334804736829,213.62851703173126,0.8488372093023255,570.3217648794484,0.2928865857851023,0.9418604651162791,2652.2267353856287,1.362041011040953,0.9651162790697675,5015.18010463271,2.575526778736439,0.9767441860465116,7511.414896836392,3.85745871721166
main,transformer,adaptive,2023Q4_shift,Amprion|up,16043.098448837636,612494210.7423613,8508.143101286185,1.8774365416635703,3.5401260781333894,4254.071550643093,0.43023255813953487,15080.305658704181,3.3276728618759535,0.7906976744186046,35511.65372782862,7.83612541183635,0.8953488372093024,55401.38622138445,12.225063179193603,0.9534883720930233,71255.28199037064,15.723439133862321
main,transformer,adaptive,2023Q4_shift,TenneT DE|down,23073.45561790289,1172047733.1822352,11909.224916738312,0.8323780677815772,1.6126858413162006,5954.612458369156,0.46511627906976744,26467.355157054193,1.8498975457213314,0.7790697674418605,52296.53132847277,3.655190493353699,0.9069767441860465,94973.40777298328,6.638029108141055,0.9767441860465116,116781.26708938954,8.162257924638567
main,transformer,adaptive,2023Q4_shift,TenneT DE|up,4343.604931287544,49052345.40369923,2247.362594019732,0.629137999774329,1.2159706340009337,1123.681297009866,0.45348837209302323,4538.0596826653145,1.2704072761582657,0.7906976744186046,9018.652397759017,2.5247269600751596,0.8953488372093024,14279.185788176781,3.997387163551182,0.9534883720930233,17431.254642646258,4.8797931889646655
main,transformer,adaptive,2023Q4_shift,TransnetBW|down,41.83720930232558,64809.59156976744,43.30883139984552,0.19944140533080626,0.19266444160866128,21.654415699922765,0.8372093023255814,11.031229538141295,0.05079989116541824,0.9186046511627907,118.0316954120647,0.5435475039542127,0.9883720930232558,463.24629767051965,2.1332945183561565,0.9883720930232558,967.3186260844385,4.454596902137453
main,transformer,adaptive,2023Q4_shift,TransnetBW|up,8226.563465593914,150312479.8340713,3984.4248329260477,0.4168848344876127,0.8607339057861991,1992.2124164630238,0.37209302325581395,9747.62485408783,1.0198804455697377,0.813953488372093,19204.021300985645,2.009290067514892,0.9069767441860465,28788.53548101381,3.0121044698764328,0.9418604651162791,34074.54251362645,3.565172041557231
main,transformer,adaptive,2024_primary,50Hertz|down,7455.252605022919,187018288.97935265,4107.293782206388,0.5965856066889448,1.0828775914825568,2053.646891103194,0.5225988700564972,7436.7444193547735,1.0801892721752362,0.7937853107344632,14129.713248104159,2.0523449252594665,0.9011299435028248,26831.089381156533,3.8972234725278865,0.9519774011299436,42140.46237192962,6.120914315704286
main,transformer,adaptive,2024_primary,50Hertz|up,518.9185404117497,2559629.96179887,361.45085009536126,1.3798192100956757,1.9809436617621352,180.72542504768066,0.7146892655367232,461.9850027757849,1.7636029392044663,0.8898305084745762,1422.5946609614932,5.430678723971286,0.9463276836158192,2578.2960188569323,9.84250659583012,0.963276836158192,3831.8943691275217,14.62805097894957
main,transformer,adaptive,2024_primary,Amprion|down,514.030714681593,2132725.1348239942,345.23879587637055,0.1772960781641629,0.2639785298104323,172.6193979381853,0.7344632768361582,409.5150647909628,0.21030491301615084,0.9265536723163842,2176.478769600021,1.1177224421667542,0.9745762711864406,4272.961242727506,2.194363088771583,0.9915254237288136,6472.2980199178055,3.323824174302898
main,transformer,adaptive,2024_primary,Amprion|up,12356.42938701177,422351581.7910612,6650.064344170065,1.4674264002766344,2.726612820152797,3325.0321720850334,0.5169491525423728,13132.828157535178,2.8979356817138537,0.7796610169491526,26668.282441907548,5.884716249339222,0.8898305084745762,41055.30963145973,9.059407865361685,0.943502824858757,67360.09675620559,14.863913969779885
main,transformer,adaptive,2024_primary,TenneT DE|down,16243.91510960622,755772254.2867106,8726.722398239177,0.6099416526849823,1.1353449755691685,4363.361199119589,0.559322033898305,20748.215358289515,1.4501665331364875,0.7966101694915254,37380.071581831464,2.6126260923236884,0.8954802259887006,51446.35535642635,3.5957686722163977,0.940677966101695,74649.4312908289,5.21751413826448
main,transformer,adaptive,2024_primary,TenneT DE|up,3640.7197100108087,37676309.63028556,1865.66192353563,0.5222827922613485,1.0192014062128971,932.830961767815,0.5225988700564972,4702.304015857495,1.3163866617428464,0.8305084745762712,8999.916757852749,2.5194820107080718,0.903954802259887,12646.453004153474,3.54031172737554,0.9519774011299436,15181.619250833111,4.250018930732781
main,transformer,adaptive,2024_primary,TransnetBW|down,428.06375456659134,1526367.6616753591,288.9527308562629,1.3306555927148118,1.9712754655912241,144.47636542813146,0.5621468926553672,252.5897388916433,1.1632004574676758,0.8050847457627118,760.3134309442299,3.5013177280037393,0.9293785310734464,1865.9256566557372,8.592770185148776,0.9576271186440678,2763.9251892779507,12.728145880675399
main,transformer,adaptive,2024_primary,TransnetBW|up,5631.998725376507,104744315.81558546,3006.4726991170996,0.3145630614500843,0.5892682017893167,1503.2363495585498,0.5847457627118644,7006.518783538086,0.7330823257781451,0.8220338983050848,12989.923780715533,1.3591176775578562,0.903954802259887,18220.06193053103,1.9063397656533125,0.9491525423728814,26021.43572000622,2.7225866663667055
main,transformer,raw,2023Q4_shift,50Hertz|down,9989.032063222487,250470373.39551592,5866.816874088021,0.8521568433511353,1.450909788700734,2933.4084370440105,0.4069767441860465,8301.325195294758,1.205769879284542,0.7093023255813954,15811.503105021631,2.2966253871195494,0.7790697674418605,21814.446926910932,3.16855470890711,0.8023255813953488,27931.13599549227,4.057005560588571
main,transformer,raw,2023Q4_shift,50Hertz|up,539.5565433590912,1574658.6509176067,405.4001449834931,1.5475932832256871,2.059728129739565,202.70007249174654,0.5116279069767442,64.43652315028879,0.24598296684344756,0.7209302325581395,438.8249132809251,1.6751905412695562,0.8255813953488372,1252.9929843614268,4.783233431269762,0.9186046511627907,2198.3604101846386,8.392122812510442
main,transformer,raw,2023Q4_shift,Amprion|down,496.2230685455855,3389112.0808210988,427.2570340634624,0.21941623424799095,0.2548334804736829,213.62851703173126,0.8488372093023255,570.3217648794484,0.2928865857851023,0.9418604651162791,2652.2267353856287,1.362041011040953,0.9651162790697675,5015.18010463271,2.575526778736439,0.9767441860465116,7511.414896836392,3.85745871721166
main,transformer,raw,2023Q4_shift,Amprion|up,16043.098448837636,612494210.7423613,9475.49108946167,2.090894923814059,3.5401260781333894,4737.745544730835,0.3023255813953488,13378.081508512276,2.9520541418300494,0.6162790697674418,25334.1660846311,5.590325479207106,0.7674418604651163,34104.18808320511,7.525549132042372,0.8023255813953488,42681.214504756485,9.418185707489744
main,transformer,raw,2023Q4_shift,TenneT DE|down,23073.45561790289,1172047733.1822352,13014.941437078136,0.9096605263084167,1.6126858413162006,6507.470718539068,0.38372093023255816,23824.655912387927,1.6651899004814261,0.6744186046511628,44097.06715325644,3.082100792325526,0.7790697674418605,58585.67241189646,4.094760922128478,0.8023255813953488,73107.40502354821,5.1097364404041
main,transformer,raw,2023Q4_shift,TenneT DE|up,4343.604931287544,49052345.40369923,2393.185243806716,0.6699603265554651,1.2159706340009337,1196.592621903358,0.3488372093023256,4141.00303079472,1.1592532379004035,0.6744186046511628,7464.460032449767,2.089638524156034,0.7906976744186046,10096.944183682286,2.8265893916979308,0.872093023255814,12837.293675693245,3.593736625826558
main,transformer,raw,2023Q4_shift,TransnetBW|down,41.83720930232558,64809.59156976744,43.30883139984552,0.19944140533080626,0.19266444160866128,21.654415699922765,0.8372093023255814,11.031229538141295,0.05079989116541824,0.9186046511627907,118.0316954120647,0.5435475039542127,0.9883720930232558,463.24629767051965,2.1332945183561565,0.9883720930232558,967.3186260844385,4.454596902137453
main,transformer,raw,2023Q4_shift,TransnetBW|up,8226.563465593914,150312479.8340713,4157.732276716528,0.435017751545809,0.8607339057861991,2078.866138358264,0.27906976744186046,9003.419692259056,0.9420152934529192,0.6162790697674418,16681.75288925171,1.7453886279219537,0.7790697674418605,22498.14865951538,2.3539500363248176,0.872093023255814,28544.575619116495,2.9865792884730245
main,transformer,raw,2024_primary,50Hertz|down,7455.252605022919,187018288.97935265,4239.978098191794,0.6158580418610251,1.0828775914825568,2119.989049095897,0.4689265536723164,6724.8262955572645,0.9767829593279392,0.7711864406779662,13545.280668836798,1.9674559245306935,0.8559322033898306,19094.72743491911,2.7735146681428295,0.8898305084745762,24760.87915327643,3.5965248397385734
main,transformer,raw,2024_primary,50Hertz|up,518.9185404117497,2559629.96179887,360.900927573994,1.3777199104015494,1.9809436617621352,180.450463786997,0.7146892655367232,461.8909700032681,1.763243974145004,0.8898305084745762,1419.2573539959508,5.417938733845861,0.9463276836158192,2559.9623619144245,9.77251884498128,0.963276836158192,3778.937415895624,14.425890653809285
main,transformer,raw,2024_primary,Amprion|down,514.030714681593,2132725.1348239942,345.23879587637055,0.1772960781641629,0.2639785298104323,172.6193979381853,0.7344632768361582,409.5150647909628,0.21030491301615084,0.9265536723163842,2176.478769600021,1.1177224421667542,0.9745762711864406,4272.961242727506,2.194363088771583,0.9915254237288136,6472.2980199178055,3.323824174302898
main,transformer,raw,2024_primary,Amprion|up,12356.42938701177,422351581.7910612,7038.140275019344,1.553060589175784,2.726612820152797,3519.070137509672,0.3983050847457627,10682.280047410828,2.3571891857649834,0.7033898305084746,20966.838635325566,4.626615766626337,0.7994350282485876,28975.24095385007,6.393777763568804,0.864406779661017,36894.27942148198,8.141220421382597
main,transformer,raw,2024_primary,TenneT DE|down,16243.91510960622,755772254.2867106,8827.948532517014,0.617016707077545,1.1353449755691685,4413.974266258508,0.4858757062146893,18823.546382340468,1.3156445760385118,0.7429378531073446,35018.20230966719,2.4475466522374045,0.844632768361582,47212.19449448451,3.2998281167579155,0.9067796610169492,59388.6059659473,4.150880802721084
main,transformer,raw,2024_primary,TenneT DE|up,3640.7197100108087,37676309.63028556,1910.1885185815718,0.5347477914646412,1.0192014062128971,955.0942592907859,0.4548022598870056,4368.135934941656,1.2228379666745635,0.7824858757062146,7924.197720560785,2.218339807290633,0.8615819209039548,10584.47707484725,2.963071803921006,0.9180790960451978,13367.962470898387,3.742294720210807
main,transformer,raw,2024_primary,TransnetBW|down,428.06375456659134,1526367.6616753591,290.3339561683785,1.3370162703970039,1.9712754655912241,145.16697808418925,0.536723163841808,241.2859840856097,1.1111455607835263,0.7966101694915254,748.7691679828583,3.4481552677362823,0.9124293785310734,1404.6213965863158,6.468418939927661,0.940677966101695,2114.1028203759492,9.735650302286944
main,transformer,raw,2024_primary,TransnetBW|up,5631.998725376507,104744315.81558546,3021.5914429763316,0.3161449146147701,0.5892682017893167,1510.7957214881658,0.5141242937853108,6353.114565502318,0.6647175502556237,0.807909604519774,12680.886114911305,1.3267834959478542,0.884180790960452,17814.89413355663,1.8639476219778752,0.9293785310734464,23132.05837251911,2.4202751288706295
main,transformer,rolling,2023Q4_shift,50Hertz|down,9989.032063222487,250470373.39551592,5349.476116451884,0.7770129490681515,1.450909788700734,2674.7380582259425,0.45348837209302323,8748.017090251835,1.270652005883445,0.7906976744186046,19907.98023951331,2.891639872607674,0.8372093023255814,33165.17992255632,4.81725195084963,0.8953488372093024,40050.072290606826,5.817284553381177
main,transformer,rolling,2023Q4_shift,50Hertz|up,539.5565433590912,1574658.6509176067,353.45257695816287,1.3492862319068377,2.059728129739565,176.72628847908146,0.5581395348837209,110.57514806570008,0.4221146897841664,0.9302325581395349,2218.865949106078,8.470401606182394,0.9883720930232558,4450.984156051902,16.991392995013243,1.0,7908.331281511174,30.189629984687404
main,transformer,rolling,2023Q4_shift,Amprion|down,496.2230685455855,3389112.0808210988,427.2570340634624,0.21941623424799095,0.2548334804736829,213.62851703173126,0.8488372093023255,570.3217648794484,0.2928865857851023,0.9418604651162791,2652.2267353856287,1.362041011040953,0.9651162790697675,5015.18010463271,2.575526778736439,0.9767441860465116,7511.414896836392,3.85745871721166
main,transformer,rolling,2023Q4_shift,Amprion|up,16043.098448837636,612494210.7423613,8416.060088247059,1.8571171827284805,3.5401260781333894,4208.0300441235295,0.36046511627906974,14493.623146270042,3.1982134517454,0.7906976744186046,33547.34223277957,7.402673583850829,0.8953488372093024,55069.10590706759,12.151741045709548,0.9651162790697675,74052.51231831395,16.340685737570297
main,transformer,rolling,2023Q4_shift,TenneT DE|down,23073.45561790289,1172047733.1822352,11892.848311069483,0.8312334485910974,1.6126858413162006,5946.424155534743,0.4186046511627907,25786.630783266024,1.8023192992017583,0.7441860465116279,49100.38009278054,3.4318001208900792,0.9069767441860465,93029.69105014535,6.502175836296587,0.9767441860465116,116951.55587936046,8.174160013561384
main,transformer,rolling,2023Q4_shift,TenneT DE|up,4343.604931287544,49052345.40369923,2246.7642978294257,0.6289705097264643,1.2159706340009337,1123.382148914713,0.43023255813953487,4455.621722550725,1.2473291785384235,0.7906976744186046,8660.06905510481,2.4243433337078875,0.8953488372093024,14216.335299895529,3.9797924814169656,0.9534883720930233,17506.56910939771,4.900877099986486
main,transformer,rolling,2023Q4_shift,TransnetBW|down,41.83720930232558,64809.59156976744,43.30883139984552,0.19944140533080626,0.19266444160866128,21.654415699922765,0.8372093023255814,11.031229538141295,0.05079989116541824,0.9186046511627907,118.0316954120647,0.5435475039542127,0.9883720930232558,463.24629767051965,2.1332945183561565,0.9883720930232558,967.3186260844385,4.454596902137453
main,transformer,rolling,2023Q4_shift,TransnetBW|up,8226.563465593914,150312479.8340713,3985.9882963377186,0.4170484174921698,0.8607339057861991,1992.9941481688597,0.37209302325581395,9606.842180105697,1.0051505499881301,0.8023255813953488,19027.342531851835,1.9908044133699914,0.9069767441860465,28771.673208121367,3.0103401936913836,0.9418604651162791,34043.293002816135,3.561902448657819
main,transformer,rolling,2024_primary,50Hertz|down,7455.252605022919,187018288.97935265,4109.335627214497,0.5968821852653801,1.0828775914825568,2054.6678136072487,0.5141242937853108,7304.219828363596,1.0609400371046436,0.7994350282485876,14218.983390143767,2.0653114391423126,0.8926553672316384,25184.584791588648,3.658068205929007,0.9463276836158192,38461.33864615058,5.58652053322484
main,transformer,rolling,2024_primary,50Hertz|up,518.9185404117497,2559629.96179887,362.8265730505729,1.3850709585999876,1.9809436617621352,181.41328652528648,0.7146892655367232,461.9850027757849,1.7636029392044663,0.8898305084745762,1435.7601465467005,5.480937258197763,0.9463276836158192,2718.5130762692897,10.377777682755536,0.9745762711864406,4456.447896528513,17.012250530876326
main,transformer,rolling,2024_primary,Amprion|down,514.030714681593,2132725.1348239942,345.23879587637055,0.1772960781641629,0.2639785298104323,172.6193979381853,0.7344632768361582,409.5150647909628,0.21030491301615084,0.9265536723163842,2176.478769600021,1.1177224421667542,0.9745762711864406,4272.961242727506,2.194363088771583,0.9915254237288136,6472.2980199178055,3.323824174302898
main,transformer,rolling,2024_primary,Amprion|up,12356.42938701177,422351581.7910612,6680.401950228378,1.4741208022774492,2.726612820152797,3340.2009751141895,0.4915254237288136,12546.642026147803,2.768585804756954,0.7768361581920904,25495.487061125004,5.625923128729565,0.884180790960452,38133.2199253578,8.414609355634527,0.9378531073446328,64005.59962096134,14.12369892806752
main,transformer,rolling,2024_primary,TenneT DE|down,16243.91510960622,755772254.2867106,8733.930536847565,0.6104454551178946,1.1353449755691685,4366.965268423783,0.556497175141243,20356.018475935984,1.4227544987341008,0.7966101694915254,37510.63194353632,2.621751420156905,0.9011299435028248,53300.9467499831,3.7253926579489556,0.9463276836158192,82338.73915240531,5.754947200881421
main,transformer,rolling,2024_primary,TenneT DE|up,3640.7197100108087,37676309.63028556,1849.7840512373066,0.5178378607469498,1.0192014062128971,924.8920256186533,0.5112994350282486,4633.571517086981,1.297145339977039,0.8248587570621468,9100.584181741671,2.547663356200091,0.9067796610169492,12761.437961404135,3.5725011952439285,0.963276836158192,15850.284980851513,4.437208581846875
main,transformer,rolling,2024_primary,TransnetBW|down,428.06375456659134,1526367.6616753591,293.6503520223826,1.3522885977347991,1.9712754655912241,146.8251760111913,0.5621468926553672,248.1469505826969,1.1427409826842783,0.8305084745762712,1168.1700873258692,5.3795375296714445,0.9350282485875706,2049.9972919703337,9.440438072784591,0.9661016949152542,2806.4611577438095,12.924028176589022
main,transformer,rolling,2024_primary,TransnetBW|up,5631.998725376507,104744315.81558546,2998.8560512627214,0.3137661421673102,0.5892682017893167,1499.4280256313607,0.576271186440678,6822.1643598858245,0.7137935785651899,0.8305084745762712,13087.786923479955,1.3693569622186292,0.9124293785310734,18642.41367630999,1.950529842017563,0.9548022598870056,27200.545339996854,2.8459552677042206
main,transformer,static,2023Q4_shift,50Hertz|down,9989.032063222487,250470373.39551592,5419.639363832103,0.7872041809899911,1.450909788700734,2709.819681916052,0.4069767441860465,8673.529882936698,1.259832717533734,0.8023255813953488,20201.91650447402,2.93433419988447,0.8255813953488372,26588.732281068314,3.862021033827767,0.8837209302325582,34992.22465479651,5.082630725251744
main,transformer,static,2023Q4_shift,50Hertz|up,539.5565433590912,1574658.6509176067,423.1180120699381,1.615230289367321,2.059728129739565,211.55900603496912,0.5116279069767442,64.43652315028879,0.24598296684344756,0.9534883720930233,3618.3395617184256,13.812816969696,1.0,6659.16957127549,25.421022236650774,1.0,13759.932675809638,52.527804072659436
main,transformer,static,2023Q4_shift,Amprion|down,496.2230685455855,3389112.0808210988,427.2570340634624,0.21941623424799095,0.2548334804736829,213.62851703173126,0.8488372093023255,570.3217648794484,0.2928865857851023,0.9418604651162791,2652.2267353856287,1.362041011040953,0.9651162790697675,5015.18010463271,2.575526778736439,0.9767441860465116,7511.414896836392,3.85745871721166
main,transformer,static,2023Q4_shift,Amprion|up,16043.098448837636,612494210.7423613,8397.836117717732,1.8530958178079986,3.5401260781333894,4198.918058858867,0.3023255813953488,13378.081508512276,2.9520541418300494,0.8023255813953488,32136.494652752543,7.091351034391131,0.8953488372093024,54805.72824763808,12.093623212454483,0.9651162790697675,77046.62603788155,17.00137731740076
main,transformer,static,2023Q4_shift,TenneT DE|down,23073.45561790289,1172047733.1822352,11933.037521776558,0.8340424154036229,1.6126858413162006,5966.51876088828,0.38372093023255816,23824.655912387927,1.6651899004814261,0.686046511627907,44526.40955086642,3.112109058844787,0.9069767441860465,85081.44761991278,5.946644846247356,0.9767441860465116,117738.22349200583,8.229143009682296
main,transformer,static,2023Q4_shift,TenneT DE|up,4343.604931287544,49052345.40369923,2228.8067249079145,0.6239433763485639,1.2159706340009337,1114.4033624539572,0.4883720930232558,4641.040063333511,1.2992361224165387,0.7906976744186046,8870.904799350472,2.4833657534850158,0.8953488372093024,13740.766471543422,3.846659349175361,0.9534883720930233,16749.748413085938,4.689008903758412
main,transformer,static,2023Q4_shift,TransnetBW|down,41.83720930232558,64809.59156976744,43.30883139984552,0.19944140533080626,0.19266444160866128,21.654415699922765,0.8372093023255814,11.031229538141295,0.05079989116541824,0.9186046511627907,118.0316954120647,0.5435475039542127,0.9883720930232558,463.24629767051965,2.1332945183561565,0.9883720930232558,967.3186260844385,4.454596902137453
main,transformer,static,2023Q4_shift,TransnetBW|up,8226.563465593914,150312479.8340713,4001.6514422941823,0.41868723069192104,0.8607339057861991,2000.8257211470911,0.27906976744186046,9003.419692259056,0.9420152934529192,0.813953488372093,19069.573308190633,1.9952229608247702,0.9069767441860465,27667.796729651167,2.894843131425594,0.9883720930232558,40659.70151707849,4.254168078963383
main,transformer,static,2024_primary,50Hertz|down,7455.252605022919,187018288.97935265,4033.6735688960594,0.5858922494685325,1.0828775914825568,2016.8367844480301,0.519774011299435,7037.972739007783,1.0222675705719044,0.8700564971751412,17837.03575463376,2.5908345887773807,0.903954802259887,23838.597178382657,3.4625631168362707,0.9378531073446328,31801.933012984973,4.619239943981067
main,transformer,static,2024_primary,50Hertz|up,518.9185404117497,2559629.96179887,467.08188006181206,1.783059994538283,1.9809436617621352,233.54094003090609,0.7146892655367232,461.8909700032681,1.763243974145004,0.9661016949152542,4598.772002433451,17.555565162272302,0.9915254237288136,7966.138948828487,30.41030765036229,1.0,15340.509681520623,58.561571913958275
main,transformer,static,2024_primary,Amprion|down,514.030714681593,2132725.1348239942,345.23879587637055,0.1772960781641629,0.2639785298104323,172.6193979381853,0.7344632768361582,409.5150647909628,0.21030491301615084,0.9265536723163842,2176.478769600021,1.1177224421667542,0.9745762711864406,4272.961242727506,2.194363088771583,0.9915254237288136,6472.2980199178055,3.323824174302898
main,transformer,static,2024_primary,Amprion|up,12356.42938701177,422351581.7910612,6435.873787543405,1.4201623647399773,2.726612820152797,3217.9368937717027,0.3983050847457627,10682.280047410828,2.3571891857649834,0.8192090395480226,27490.606991162273,6.0661732534702955,0.9491525423728814,49606.860590461685,10.946422936358948,0.9717514124293786,71206.35480612199,15.71264269067894
main,transformer,static,2024_primary,TenneT DE|down,16243.91510960622,755772254.2867106,8529.015749373948,0.5961232321311214,1.1353449755691685,4264.507874686975,0.4858757062146893,18823.546382340468,1.3156445760385118,0.7542372881355932,35378.284364682,2.4727140671860286,0.9548022598870056,73415.81773509225,5.131292501248454,0.9745762711864406,103803.32284218309,7.255183263458572
main,transformer,static,2024_primary,TenneT DE|up,3640.7197100108087,37676309.63028556,1828.4985632902171,0.5118790940811312,1.0192014062128971,914.2492816451086,0.596045197740113,4904.31527394548,1.3729387104347517,0.847457627118644,9341.758959782055,2.6151790378511555,0.9293785310734464,14228.431338414768,3.983178707342163,0.9717514124293786,17281.48632164217,4.837866291117026
main,transformer,static,2024_primary,TransnetBW|down,428.06375456659134,1526367.6616753591,290.3339561683785,1.3370162703970039,1.9712754655912241,145.16697808418925,0.536723163841808,241.2859840856097,1.1111455607835263,0.7966101694915254,748.7691679828583,3.4481552677362823,0.9124293785310734,1404.6213965863158,6.468418939927661,0.940677966101695,2114.1028203759492,9.735650302286944
main,transformer,static,2024_primary,TransnetBW|up,5631.998725376507,104744315.81558546,2943.450005689259,0.3079690845976374,0.5892682017893167,1471.7250028446294,0.5141242937853108,6353.114565502318,0.6647175502556237,0.867231638418079,14828.44965021974,1.551480084918568,0.943502824858757,22880.799291884025,2.3939862403518952,0.980225988700565,35194.81120191672,3.682384197961891
no_target_history,lgbm,raw,2023Q4_shift,50Hertz|down,10146.732697118568,260847011.1319885,5683.909346548566,0.825589472213032,1.473815851265751,2841.954673274283,0.4883720930232558,9743.65970793259,1.4152693833127656,0.7209302325581395,18240.72280752668,2.649470249660938,0.8023255813953488,25077.999575463455,3.6425866725403817,0.8604651162790697,34642.64650355407,5.031854397941613
no_target_history,lgbm,raw,2023Q4_shift,50Hertz|up,542.3802555038105,1545924.2806673918,385.80048873797745,1.4727726480225907,2.070507499216871,192.90024436898872,0.6395348837209303,239.68835302276887,0.9149974162455422,0.7906976744186046,773.7272403850161,2.953662190518835,0.8604651162790697,1378.700384864283,5.263114682121073,0.9069767441860465,2136.432314756712,8.155715633792928
no_target_history,lgbm,raw,2023Q4_shift,Amprion|down,1035.3457277559296,4076175.876790183,632.7776162791585,0.32496055210590247,0.5316978835161994,316.3888081395792,0.45348837209302323,2441.231810900849,1.2536853654109898,0.8255813953488372,5100.109878712749,2.619142143068643,0.9069767441860465,6292.342174238129,3.231408530224625,0.9767441860465116,8107.955175630908,4.163809721677271
no_target_history,lgbm,raw,2023Q4_shift,Amprion|up,16582.178026239762,679582895.6765134,9972.198240869442,2.2005000568562623,3.659081258533013,4986.099120434721,0.37209302325581395,12186.381513614217,2.6890894631114133,0.5581395348837209,21387.001219782323,4.719330308460932,0.7441860465116279,27037.45602891742,5.966179381096441,0.7906976744186046,34964.34005825051,7.715353267928405
no_target_history,lgbm,raw,2023Q4_shift,TenneT DE|down,22519.796958525418,1130630037.6667604,13087.236666547817,0.9147134969120048,1.5739886693066742,6543.618333273908,0.26744186046511625,24064.774901445806,1.6819726702709823,0.6162790697674418,38000.490457883774,2.65598937321511,0.686046511627907,48208.43629719088,3.369458998077023,0.7674418604651163,61049.64243644773,4.266976546776319
no_target_history,lgbm,raw,2023Q4_shift,TenneT DE|up,4462.52122852113,52809641.180645324,2482.497072628093,0.6949627295902001,1.249260660977974,1241.2485363140465,0.313953488372093,4634.081321061059,1.297288057068345,0.5813953488372093,7975.791446328296,2.2327832146502873,0.6627906976744186,10386.447328774024,2.907634359748954,0.8604651162790697,13040.226390391177,3.6505466317212765
no_target_history,lgbm,raw,2023Q4_shift,TransnetBW|down,42.11583058617495,64793.18940151483,52.689084212525245,0.24263838716684272,0.1939475198772241,26.344542106262626,0.627906976744186,72.51121978195808,0.3339212605865015,0.9418604651162791,378.54838879835575,1.7432523623328657,0.9883720930232558,686.9494127686565,3.1634692473886896,0.9883720930232558,1077.3846168589037,4.961461556981619
no_target_history,lgbm,raw,2023Q4_shift,TransnetBW|up,9139.444414961727,143803647.09593558,4296.48804393635,0.4495355746889695,0.956247371202641,2148.244021968175,0.313953488372093,13275.809450349981,1.3890294979749613,0.686046511627907,23767.299568644277,2.486739532645534,0.7441860465116279,30467.610446756797,3.187783750710554,0.9534883720930233,39083.59687378898,4.089262439905213
no_target_history,lgbm,raw,2024_primary,50Hertz|down,7607.031678645055,180384247.08450025,4039.258445355739,0.5867034543853598,1.1049235457096016,2019.6292226778694,0.4491525423728814,9724.753906785088,1.412523310242369,0.7937853107344632,18433.10592835321,2.6774139534573957,0.8926553672316384,25348.59721420789,3.681891057626813,0.9463276836158192,33450.15991921951,4.858645377572612
no_target_history,lgbm,raw,2024_primary,50Hertz|up,526.5908059847205,2608420.2097385074,399.0385698283478,1.523308311691602,2.01023212358135,199.51928491417394,0.7542372881355932,710.0151859542914,2.7104448441078866,0.8983050847457628,1554.1851901406615,5.93301850261662,0.9265536723163842,2318.5566484143237,8.850965497336887,0.943502824858757,3113.140905878402,11.884248230519795
no_target_history,lgbm,raw,2024_primary,Amprion|down,680.5218107821935,1872224.4563476292,435.377662453098,0.22358655225079882,0.34947940265688854,217.68883122654904,0.5141242937853108,1726.7401314256228,0.8867608651377175,0.9209039548022598,4272.336997936279,2.194042510219517,0.9717514124293786,5971.582807204521,3.066683770178124,0.9915254237288136,7616.60660134547,3.911479519298867
no_target_history,lgbm,raw,2024_primary,Amprion|up,12292.394768856895,456126167.56544393,7124.9198274833325,1.5722096679965756,2.71248271789379,3562.4599137416662,0.4096045197740113,9710.030070977531,2.1426491137824755,0.6497175141242938,19572.187079566378,4.318867088389551,0.7655367231638418,26317.45799819214,5.80730210356157,0.867231638418079,33952.163697997115,7.492002900788894
no_target_history,lgbm,raw,2024_primary,TenneT DE|down,16392.604950457157,757549129.5944004,8794.640667272986,0.6146887019632249,1.1457374371518112,4397.320333636493,0.3559322033898305,17895.429535622075,1.2507751900836641,0.6384180790960452,35166.22893139497,2.457892759077727,0.7655367231638418,46176.570555452294,3.227444677924008,0.844632768361582,58703.264231731875,4.102979832466124
no_target_history,lgbm,raw,2024_primary,TenneT DE|up,3770.0622680612273,42036713.517490864,1974.7434426273367,0.5528196219284082,1.0554102131379897,987.3717213136683,0.4774011299435028,4773.104419175368,1.3362068831192957,0.655367231638418,8314.087420535556,2.3274874929500244,0.7937853107344632,10751.886275635612,3.009937178475196,0.9096045197740112,12987.79163406491,3.635867782032514
no_target_history,lgbm,raw,2024_primary,TransnetBW|down,439.84092222115197,1552525.8873841127,321.9986765786973,1.4828354055229538,2.0255104747549777,160.99933828934869,0.3983050847457627,304.10275423550445,1.4004229324440773,0.8305084745762712,918.5316744609396,4.22992821727353,0.9011299435028248,1282.6647327605679,5.906796572464044,0.9209039548022598,1805.4087059481137,8.314083707002274
no_target_history,lgbm,raw,2024_primary,TransnetBW|up,7004.230176893755,105623359.70885241,3212.4262118323036,0.3361116913428882,0.7328428720446364,1606.2131059161522,0.423728813559322,11545.64928661625,1.2080052438505553,0.7344632768361582,21925.52378787867,2.294037091584823,0.8502824858757062,29405.72833747932,3.076680500948303,0.9887005649717514,37409.25171597956,3.9140780323038
realized_oracle,lgbm,raw,2023Q4_shift,50Hertz|down,9935.235464004934,163992834.3115372,4469.896076914423,0.6492536945945026,1.4430958171457788,2234.9480384572116,0.3372093023255814,13775.091634662056,2.0008360336099575,0.7209302325581395,24721.465058151036,3.5907999310518983,0.8488372093023255,30380.365968505954,4.412756920693665,0.9186046511627907,34108.78012576898,4.954310152564879
realized_oracle,lgbm,raw,2023Q4_shift,50Hertz|up,524.8183042416692,1467967.6908378152,302.4157907853153,1.1544560414002694,2.0034656933617367,151.20789539265766,0.5,481.97986333430003,1.8399322456497123,0.7558139534883721,1069.865280688567,4.084153256574212,0.8604651162790697,1558.1804255519094,5.948270099252347,0.9534883720930233,2084.3160844384674,7.9567647232281535
realized_oracle,lgbm,raw,2023Q4_shift,Amprion|down,610.6430142034394,3415581.1400754806,512.9128912016441,0.26340447578915216,0.31359341090791665,256.4564456008221,0.3488372093023256,1388.260258418614,0.7129358062554693,0.7790697674418605,3908.943221700482,2.0074230105415496,0.9302325581395349,6209.017853395612,3.18861764033182,0.9767441860465116,7632.802540108682,3.919796882408698
realized_oracle,lgbm,raw,2023Q4_shift,Amprion|up,12840.712490324622,382218370.6735473,6881.128468990454,1.5184138162428433,2.8334764193948376,3440.564234495227,0.43023255813953487,15284.257146363065,3.3726775087300425,0.6976744186046512,30552.429051440762,6.741805591996605,0.7558139534883721,35994.57565744992,7.942688649742473,0.8604651162790697,38892.85938261682,8.582234048657376
realized_oracle,lgbm,raw,2023Q4_shift,TenneT DE|down,20232.94727648048,682540886.3098016,9717.905148298432,0.6792189388292023,1.414152615075127,4858.952574149216,0.26744186046511625,23899.453753914055,1.6704177875386474,0.7093023255813954,44746.11211978576,3.127464852448676,0.813953488372093,52362.60312449457,3.6598084860687576,0.8488372093023255,57450.531942340516,4.015421919186176
realized_oracle,lgbm,raw,2023Q4_shift,TenneT DE|up,3967.2606315374364,36334152.774715476,2027.1785152712398,0.5674985601687218,1.1106149158799201,1013.5892576356199,0.29069767441860467,5034.076595371937,1.4092647480877565,0.6046511627906976,8279.128814068783,2.3177010046432738,0.8023255813953488,10593.868157311219,2.9657007908289574,0.9069767441860465,12453.588432057937,3.4863202480128397
realized_oracle,lgbm,raw,2023Q4_shift,TransnetBW|down,42.04519164427956,64808.833767592754,46.422149509565735,0.21377853978986866,0.19362222063946294,23.211074754782874,0.6162790697674418,20.26544961933066,0.09332437798712749,0.8953488372093024,202.7249627696342,0.9335682853487345,0.9883720930232558,531.092073712017,2.4457309541156227,0.9883720930232558,681.5493062784499,3.138601228729875
realized_oracle,lgbm,raw,2023Q4_shift,TransnetBW|up,8669.323514674645,123651458.46788429,3623.9679537238335,0.37917073201933166,0.9070592745705307,1811.9839768619167,0.4186046511627907,14789.432316419903,1.5473977554920273,0.8023255813953488,26423.82425176096,2.764688019383597,0.8953488372093024,30948.222634932004,3.238069536218273,0.9883720930232558,36124.161186886166,3.7796207956919927
realized_oracle,lgbm,raw,2024_primary,50Hertz|down,6906.334982069509,135531304.13534823,3650.1236399461227,0.5301815116466131,1.003147148403319,1825.0618199730616,0.4350282485875706,10757.03027846694,1.5624617510080208,0.7401129943502824,19787.017891558917,2.874070056673513,0.847457627118644,24833.377003812984,3.607055173442328,0.9463276836158192,30657.977218499516,4.453080034837235
realized_oracle,lgbm,raw,2024_primary,50Hertz|up,489.45117779141276,2660019.6801586337,330.80471922299483,1.2628292512073755,1.8684535873753436,165.40235961149742,0.4293785310734463,325.0320041103495,1.2407922212633704,0.7768361581920904,1187.7977691228605,4.5343541981215685,0.9180790960451978,1946.5366618891262,7.4307991764897405,0.9661016949152542,2790.6127848543697,10.653014448478306
realized_oracle,lgbm,raw,2024_primary,Amprion|down,548.4158088631929,2024613.7675440055,448.19693169597065,0.23016983949672493,0.28163686490637013,224.09846584798538,0.4576271186440678,1358.1801228176453,0.6974882663601911,0.8163841807909604,3977.761248856852,2.0427642481647643,0.9519774011299436,6691.548707408326,3.436419535806782,0.9887005649717514,9212.427130385076,4.731007117680074
realized_oracle,lgbm,raw,2024_primary,Amprion|up,9891.945861284852,296682718.8602205,5242.966076869312,1.1569311872444776,2.182791286776362,2621.4830384346565,0.3672316384180791,11463.72531025732,2.529625623929277,0.6384180790960452,21519.206754024723,4.748503242912318,0.768361581920904,26954.714572959023,5.9479213627395024,0.9124293785310734,31596.215867986117,6.972131232710463
realized_oracle,lgbm,raw,2024_primary,TenneT DE|down,13121.722111622401,475680328.92322177,6695.095669733818,0.4679440380165502,0.917123807267083,3347.547834866909,0.3870056497175141,18404.136090545613,1.286330499704187,0.7175141242937854,32219.345197805284,2.2519245785041293,0.8389830508474576,39547.57970658777,2.7641209408465133,0.8926553672316384,47937.445211072045,3.3505184676708346
realized_oracle,lgbm,raw,2024_primary,TenneT DE|up,3402.1082384354922,32307634.750487108,1874.682060724811,0.5248079348814103,0.952403309479609,937.3410303624056,0.4858757062146893,5379.447699299373,1.5059496738237996,0.6779661016949152,8932.26077954424,2.500542055500551,0.8022598870056498,11211.97969592337,3.1387380470664197,0.8926553672316384,14525.290413311788,4.066282931419111
realized_oracle,lgbm,raw,2024_primary,TransnetBW|down,418.9974226047233,1589781.880955983,264.9175136330825,1.2199710661302547,1.929524119982831,132.45875681654127,0.3785310734463277,147.10395399229037,0.6774280987421264,0.807909604519774,687.2750566010095,3.164968869093145,0.9067796610169492,1091.6987505376687,5.027379542868353,0.923728813559322,1407.6937108486222,6.482567247658135
realized_oracle,lgbm,raw,2024_primary,TransnetBW|up,5785.283658537241,78255734.07919143,2844.7655525321193,0.297643867371566,0.6053061913787023,1422.3827762660599,0.5254237288135594,13143.209228438604,1.3751557209851843,0.8248587570621468,22340.36387592066,2.3374412336364148,0.9350282485875706,27453.792606849616,2.8724521773846132,0.9943502824858758,36983.04710049652,3.8694848355354168
train_fraction_100,lgbm,raw,2023Q4_shift,50Hertz|down,10313.565738484209,230631196.30917668,5536.677310289515,0.8042039764746507,1.4980483986501305,2768.3386551447575,0.37209302325581395,13879.8729712961,2.0160555529821313,0.6511627906976745,22200.16738757347,3.2245807170864142,0.8488372093023255,28134.367620426165,4.086525012736072,0.8604651162790697,32630.578586866824,4.739600952625268
train_fraction_100,lgbm,raw,2023Q4_shift,50Hertz|up,536.0066019684793,1487825.727707983,355.52815335008336,1.3572096333232058,2.0461764191150427,177.76407667504168,0.46511627906976744,409.0664861427354,1.5615893437162138,0.6976744186046512,805.8527734043646,3.076299687658391,0.8023255813953488,1297.0425476577109,4.951390273663416,0.9069767441860465,2031.3013416444724,7.754383789537897
train_fraction_100,lgbm,raw,2023Q4_shift,Amprion|down,581.9486233519109,3380820.1817372567,503.99786819256957,0.2588261994333911,0.29885751498877017,251.99893409628478,0.45348837209302323,1246.6488092652219,0.6402117820208607,0.813953488372093,3496.873785069524,1.795806309525865,0.9651162790697675,4798.5716854819575,2.4642883441471812,0.9767441860465116,7243.579318807001,3.719912768886527
train_fraction_100,lgbm,raw,2023Q4_shift,Amprion|up,15703.609255389372,605062223.2595948,9204.523200506648,2.0311022040295637,3.4652132082284033,4602.261600253324,0.36046511627906974,15317.276122028263,3.379963591103617,0.5930232558139535,26301.045929772336,5.803680559282305,0.7441860465116279,32058.935214877518,7.074236498224544,0.8372093023255814,36419.30812092521,8.03641159702562
train_fraction_100,lgbm,raw,2023Q4_shift,TenneT DE|down,23930.57628618353,1185713613.7610803,12702.009888406166,0.8877886278723252,1.672593051962323,6351.004944203083,0.23255813953488372,25582.24714111408,1.7880341998497855,0.5930232558139535,42592.03384206165,2.976908663679229,0.7441860465116279,51872.16915991745,3.625530312748225,0.813953488372093,61729.154245321304,4.3144700428232365
train_fraction_100,lgbm,raw,2023Q4_shift,TenneT DE|up,4589.832881918925,51999759.12848305,2590.2865828505846,0.7251378677893,1.2849009262292468,1295.1432914252923,0.27906976744186046,4752.44160451562,1.3304224307486217,0.5581395348837209,7257.01331429436,2.031564845405957,0.8023255813953488,9515.332828353883,2.6637701805430196,0.8488372093023255,11374.915766126656,3.184351190922941
train_fraction_100,lgbm,raw,2023Q4_shift,TransnetBW|down,42.07561567880682,64812.91690521841,45.79904207658315,0.21090906910480736,0.1937623262947259,22.899521038291578,0.813953488372093,19.662512307222862,0.09054779268185907,0.8953488372093024,118.7814880990153,0.5470003726269221,0.9534883720930233,507.9328454147024,2.339080442229266,0.9883720930232558,836.4419148597683,3.8518968437882584
train_fraction_100,lgbm,raw,2023Q4_shift,TransnetBW|up,9822.272382278888,172638677.08940884,4572.851389446186,0.478451087562807,1.0276907127324353,2286.425694723093,0.32558139534883723,14663.170848413376,1.534187193516534,0.6046511627906976,21797.767626603265,2.280670141929267,0.8837209302325582,27370.046010274076,2.863689887338685,0.9651162790697675,36276.47374214179,3.795557046732144
train_fraction_100,lgbm,raw,2024_primary,50Hertz|down,7570.030403870185,173543105.0118217,4125.854422295541,0.5992815450160478,1.0995490998748623,2062.9272111477703,0.4632768361581921,11164.206518930174,1.621604217392685,0.7259887005649718,18998.529542079472,2.759541896457843,0.8728813559322034,24554.552936088137,3.5665558971734295,0.940677966101695,29787.923931702666,4.326704543947325
train_fraction_100,lgbm,raw,2024_primary,50Hertz|up,485.29751782978303,2671701.242829827,363.5010724760929,1.3876458239358567,1.852597213526036,181.75053623804644,0.4887005649717514,295.5345186146507,1.128187154417503,0.7937853107344632,1243.9168375169295,4.748585728085822,0.9180790960451978,1912.6431550224813,7.301412534129464,0.940677966101695,2785.3179189926705,10.632801582388975
train_fraction_100,lgbm,raw,2024_primary,Amprion|down,551.7154746786601,2074284.625608487,423.9777471154077,0.21773216883584864,0.2833313958088131,211.98887355770384,0.5508474576271186,1225.1151655754816,0.6291532607295788,0.8898305084745762,3903.3495830448137,2.0045504185612657,0.9717514124293786,5844.799905719404,3.0015748905270843,0.9971751412429378,9102.454007410477,4.67453083621997
train_fraction_100,lgbm,raw,2024_primary,Amprion|up,11801.222918162803,411912869.6114031,6694.856848314666,1.4773104705223474,2.6040990236197468,3347.4284241573337,0.3587570621468927,11289.686451222871,2.491221602072697,0.6214689265536724,21650.762869000657,4.7775328742425405,0.7598870056497176,27397.11156233954,6.045542225940473,0.8757062146892656,33265.06512274993,7.340385331886107
train_fraction_100,lgbm,raw,2024_primary,TenneT DE|down,16210.966774116512,724731497.0860921,8713.523427146712,0.6090191296718174,1.1330420992675383,4356.761713573357,0.3870056497175141,20292.450021102177,1.4183114734342714,0.632768361581921,35414.49508152035,2.4752449629181705,0.7740112994350282,45503.73490997166,3.1804178026709766,0.847457627118644,56571.58301404378,3.953989053846129
train_fraction_100,lgbm,raw,2024_primary,TenneT DE|up,3648.6286406744716,39842179.161324956,1998.237161004498,0.5593965717389997,1.021415472083412,999.118580502249,0.5,5412.039707042121,1.5150736445682025,0.672316384180791,8298.718344041183,2.3231849962947098,0.7966101694915254,10565.520252765453,2.957764935702074,0.867231638418079,12919.374264073951,3.6167146790038918
train_fraction_100,lgbm,raw,2024_primary,TransnetBW|down,417.93231536894655,1581717.038903133,266.6895428801295,1.228131434163635,1.9246191969667814,133.34477144006476,0.3926553672316384,139.81076174820484,0.6438422349934836,0.7542372881355932,550.1484756306286,2.533487549164505,0.8785310734463276,1065.009565027614,4.904473232695345,0.9322033898305084,1523.6108957977788,7.016377224076321
train_fraction_100,lgbm,raw,2024_primary,TransnetBW|up,6018.465238212277,96572999.2769271,3051.50804670639,0.3192750472982565,0.6297036560880563,1525.754023353195,0.53954802259887,14118.258314865412,1.4771737522084833,0.7796610169491526,21686.146726892024,2.2689914022735596,0.923728813559322,26897.135290286787,2.8142098957473927,0.9858757062146892,36101.88558087913,3.7772901299842054
train_fraction_25,lgbm,raw,2023Q4_shift,50Hertz|down,11067.181354825674,215682804.14654052,5834.767726708492,0.8475016954491003,1.607511284317836,2917.3838633542464,0.2441860465116279,12171.618673803923,1.7679311234944244,0.5697674418604651,20657.207292934265,3.0004653182452152,0.7209302325581395,24762.921942173914,3.596821555415212,0.7674418604651163,32122.417105840075,4.665790350917726
train_fraction_25,lgbm,raw,2023Q4_shift,50Hertz|up,559.7001816213807,1392707.1098156276,329.9312332483711,1.259494765406009,2.1366253870795116,164.96561662418557,0.627906976744186,1457.8208740963144,5.56515290094314,0.872093023255814,2453.5545219152605,9.366312629953988,0.9534883720930233,3638.4470448661873,13.889576206827787,1.0,5956.519066612555,22.73869166788452
train_fraction_25,lgbm,raw,2023Q4_shift,Amprion|down,535.0251308740611,3419856.5092472266,430.0245875556234,0.22083750087888657,0.27476013285948164,215.0122937778117,0.313953488372093,396.09658923322166,0.20341390563301448,0.5697674418604651,1242.387065261442,0.6380231795027348,0.7325581395348837,1743.9255355100552,0.8955863644217761,0.8604651162790697,2854.568114400569,1.465952661116699
train_fraction_25,lgbm,raw,2023Q4_shift,Amprion|up,15846.929638122336,503209260.9970525,9472.468039476655,2.0902278470569366,3.4968387839274526,4736.234019738327,0.3372093023255814,15557.495173199291,3.4329711650599215,0.5581395348837209,26324.727996430494,5.808906326737889,0.627906976744186,30561.155646718842,6.74373123295778,0.7674418604651163,41048.89992131628,9.057993476357936
train_fraction_25,lgbm,raw,2023Q4_shift,TenneT DE|down,23228.757484875874,1098664807.5062728,13875.220819898646,0.969788510743241,1.6235404409108523,6937.610409949323,0.20930232558139536,18799.375969805256,1.3139552199784659,0.5581395348837209,34180.73113318506,2.3890128144287655,0.6046511627906976,40877.057895167105,2.857042897859187,0.7441860465116279,55817.99012753164,3.901317767918252
train_fraction_25,lgbm,raw,2023Q4_shift,TenneT DE|up,4569.77915881537,48004311.66713094,2780.951760687969,0.7785136376496822,1.2792869860155172,1390.4758803439847,0.19767441860465115,3571.9151902157532,0.9999399225188625,0.4186046511627907,6339.647586047808,1.7747528646128434,0.5348837209302325,7431.337063961631,2.0803659135872428,0.6511627906976745,9450.958877333818,2.6457490125792447
train_fraction_25,lgbm,raw,2023Q4_shift,TransnetBW|down,41.916221973897144,64808.20632324339,43.40037897119435,0.19986299085261042,0.19302830269075066,21.70018948559718,0.8023255813953488,4.612874507294213,0.021242738365660215,0.9186046511627907,190.69327750573694,0.8781611976955179,0.9651162790697675,504.0033125110387,2.3209845587969764,0.9883720930232558,913.1620836640486,4.205200726367665
train_fraction_25,lgbm,raw,2023Q4_shift,TransnetBW|up,9878.097663219209,152301172.18890464,4449.835299259845,0.4655800849596572,1.0335316343160754,2224.917649629923,0.20930232558139536,12358.88783121735,1.2930932628949516,0.6046511627906976,23443.232796982466,2.4528328765704193,0.7558139534883721,28123.586934830128,2.9425318273389682,0.8488372093023255,35788.44864487065,3.7444956588448823
train_fraction_25,lgbm,raw,2024_primary,50Hertz|down,8879.986792822989,172904665.4920815,4372.997290092237,0.6351791178563656,1.2898206432509622,2186.498645046119,0.3531073446327684,11720.504265100602,1.7024066254981252,0.5903954802259888,19891.69558039011,2.8892745211724242,0.7203389830508474,24647.52373412263,3.5800599324070546,0.8361581920903954,32785.12206017655,4.762048436704378
train_fraction_25,lgbm,raw,2024_primary,50Hertz|up,509.1093174699017,2585574.535244425,357.19091962105654,1.3635571542710265,1.9434974799432176,178.5954598105283,0.5056497175141242,897.1412331330073,3.424788480423422,0.7909604519774012,2002.26080001699,7.643523081370767,0.9491525423728814,3570.0289447081623,13.628393783570557,0.9887005649717514,5706.93683716539,21.785924909696377
train_fraction_25,lgbm,raw,2024_primary,Amprion|down,522.894688070127,2113534.3154156604,382.6387198325632,0.19650266769080862,0.26853058982659966,191.31935991628166,0.4096045197740113,489.22904929758727,0.2512417283354939,0.7429378531073446,1404.2345051873322,0.7211393202798155,0.9152542372881356,2392.741748938949,1.2287834774468671,0.9463276836158192,3641.1540420048127,1.8699008899052518
train_fraction_25,lgbm,raw,2024_primary,Amprion|up,12176.795265371922,347842541.3394778,6508.0820757648,1.4360960975538188,2.6869741281278228,3254.0410378824,0.2598870056497175,12859.738776160597,2.837674826010165,0.519774011299435,23304.295795609574,5.142407219008814,0.6468926553672316,29437.31212445036,6.495740000240998,0.8107344632768362,40794.58655397016,9.001875801419331
train_fraction_25,lgbm,raw,2024_primary,TenneT DE|down,16570.079124646283,670844417.9537474,8990.146648991118,0.6283533100666086,1.1581417381223176,4495.073324495559,0.2966101694915254,17065.109260731435,1.1927411542093438,0.5875706214689266,31597.360801470357,2.2084518778345923,0.7033898305084746,39220.845095245204,2.741284297289262,0.847457627118644,54861.45639675617,3.8344622249121114
train_fraction_25,lgbm,raw,2024_primary,TenneT DE|up,3716.3220146595427,39454485.15507119,2183.887369845167,0.6113684259286666,1.040365896024912,1091.9436849225838,0.4576271186440678,5178.713955592182,1.449755258939787,0.6384180790960452,8134.707047672946,2.277270848211937,0.7457627118644068,10257.551825407105,2.8715507035628276,0.8135593220338984,13341.793844149472,3.7349689430827797
train_fraction_25,lgbm,raw,2024_primary,TransnetBW|down,417.6009284930906,1587649.9342047172,301.06122718168604,1.3864164028204824,1.9230931279851755,150.53061359084302,0.2909604519774011,94.86444198322125,0.43686003555209924,0.7288135593220338,455.98883576821197,2.099873196326761,0.884180790960452,1177.658005861521,5.423230322694285,0.9293785310734464,1996.8096994686418,9.19550400617901
train_fraction_25,lgbm,raw,2024_primary,TransnetBW|up,7753.19094757619,104680709.6583922,3684.1227313833465,0.3854646428294922,0.8112055969085835,1842.0613656916732,0.403954802259887,15565.223962565567,1.6285677575780753,0.692090395480226,26273.282956824733,2.748937092849754,0.8135593220338984,34081.31575319685,3.5658807162030466,0.903954802259887,46411.60559087647,4.855981810766917
train_fraction_50,lgbm,raw,2023Q4_shift,50Hertz|down,10785.028400824487,232190327.0813587,5861.006802625305,0.8513129287951552,1.5665284863570212,2930.5034013126524,0.32558139534883723,11790.847339683633,1.7126239773730472,0.5813953488372093,18209.039267600525,2.6448682063469717,0.7209302325581395,22307.377563409547,3.2401530260533264,0.813953488372093,26811.761738831345,3.8944161269047437
train_fraction_50,lgbm,raw,2023Q4_shift,50Hertz|up,602.9033902554293,1387975.927770446,340.2661163379225,1.2989476266104951,2.3015513159998724,170.13305816896124,0.5232558139534884,986.7636936570306,3.7669174106900485,0.7558139534883721,1499.0045137146844,5.722369233598306,0.9069767441860465,1887.116710343099,7.203966702352437,0.9418604651162791,2407.734731505611,9.191398040617395
train_fraction_50,lgbm,raw,2023Q4_shift,Amprion|down,677.5180253534486,3433454.7826260375,485.01330188107977,0.24907674719083392,0.3479368200082286,242.50665094053994,0.4069767441860465,1050.385668621338,0.5394215882768102,0.7790697674418605,2781.7547159235387,1.4285596156595346,0.8837209302325582,4064.952149687205,2.0875408055895495,0.9651162790697675,5140.94963455748,2.6401152452545444
train_fraction_50,lgbm,raw,2023Q4_shift,Amprion|up,16256.064620097815,542324848.9415023,9318.648256474808,2.0562854370621197,3.5871199365231954,4659.324128237404,0.3372093023255814,16438.807708584827,3.627444664019858,0.5697674418604651,25386.279361777983,5.601824976765699,0.6627906976744186,30726.593297368483,6.780237282162531,0.8023255813953488,36591.90181793681,8.074496724388062
train_fraction_50,lgbm,raw,2023Q4_shift,TenneT DE|down,24148.672860102673,1157427840.989435,13349.89113715922,0.9330713516229722,1.6878365968661944,6674.94556857961,0.27906976744186046,23421.776660412863,1.6370312372894191,0.6046511627906976,38675.21695984201,2.7031484071495226,0.686046511627907,48465.355104129216,3.387415966863087,0.7790697674418605,58414.83783750371,4.0828206863921075
train_fraction_50,lgbm,raw,2023Q4_shift,TenneT DE|up,4785.649782122074,50046884.59373424,2706.148533733494,0.7575728456706595,1.339718895187013,1353.0742668667472,0.2441860465116279,4474.082958974753,1.2524973100131047,0.5348837209302325,7212.107192813158,2.018993599661507,0.6511627906976745,8393.047674469924,2.349592023991937,0.7790697674418605,10336.439883775429,2.893635023814485
train_fraction_50,lgbm,raw,2023Q4_shift,TransnetBW|down,41.83976404828379,64809.58365809163,38.61381604366274,0.17782040032049443,0.1926762064637197,19.30690802183137,0.6395348837209303,5.646764549983129,0.02600390315368403,0.8837209302325582,49.10310906576162,0.22612462081399595,0.9534883720930233,265.74267603397334,1.2237710197087852,0.9767441860465116,391.99590092972085,1.8051794712156073
train_fraction_50,lgbm,raw,2023Q4_shift,TransnetBW|up,10309.947612221458,174899310.79118562,4565.413144828281,0.47767283436279956,1.0787154944872,2282.7065724141403,0.37209302325581395,15223.15495607017,1.5927775526838213,0.6395348837209303,23539.006244293854,2.4628535192992707,0.7906976744186046,28091.053449712494,2.939127893991677,0.9069767441860465,34337.380664477394,3.5926724321052084
train_fraction_50,lgbm,raw,2024_primary,50Hertz|down,7794.369183811666,173637091.13577133,4367.787915124787,0.6344224546396048,1.1321343723759567,2183.8939575623936,0.4067796610169492,10624.313285169594,1.5431845694469548,0.6497175141242938,17511.182868962667,2.5435043631354737,0.7824858757062146,21267.243590713882,3.089073266473751,0.8898305084745762,28282.337447323396,4.108017672777478
train_fraction_50,lgbm,raw,2024_primary,50Hertz|up,521.5190450841089,2533995.4364876025,364.5777043618198,1.391755808343794,1.990870948700091,182.28885218090997,0.3305084745762712,770.5109541833443,2.9413841906605933,0.6864406779661016,1723.5960562693438,6.579735386590281,0.903954802259887,2607.1227341081267,9.952551033288387,0.96045197740113,3962.659985840155,15.12724169855224
train_fraction_50,lgbm,raw,2024_primary,Amprion|down,600.8473649499414,2070305.33494818,443.26386813210655,0.22763648335699133,0.30856289227426104,221.6319340660533,0.4350282485875706,1154.1766258694956,0.5927230419048442,0.8107344632768362,3142.3496808089826,1.6137417963517278,0.9491525423728814,5789.40004236018,2.973124500183532,0.9830508474576272,8405.245020401842,4.316481797311534
train_fraction_50,lgbm,raw,2024_primary,Amprion|up,11770.444909250971,374018389.6773492,6703.3904759935995,1.4791935305798303,2.597307440788708,3351.6952379967997,0.3446327683615819,12192.729098409522,2.6904901433190855,0.556497175141243,22097.19933850847,4.8760451032221575,0.6694915254237288,27848.62501069617,6.14517475878646,0.8389830508474576,36710.20290055927,8.100601454032326
train_fraction_50,lgbm,raw,2024_primary,TenneT DE|down,16359.723370764805,684527557.1530198,8679.105056779072,0.6066135074064638,1.143439226650181,4339.552528389536,0.3954802259887006,19417.905305878972,1.357186434203301,0.6101694915254238,35024.18530186072,2.447964824831878,0.7627118644067796,45194.51061749638,3.1588050175500966,0.8559322033898306,58488.4228399523,4.087963803814448
train_fraction_50,lgbm,raw,2024_primary,TenneT DE|up,3791.270855487085,38334999.82514418,2191.025783106007,0.6133667892779713,1.0613474518847095,1095.5128915530036,0.5254237288135594,6041.956820080918,1.6914158127503296,0.6751412429378532,8873.16678474514,2.4839989850652278,0.7796610169491526,10714.980729617582,2.9996056541078557,0.8587570621468926,14704.589223026693,4.1164767429589695
train_fraction_50,lgbm,raw,2024_primary,TransnetBW|down,417.39727037838134,1581882.8590022577,314.5029926841764,1.4483170479150853,1.9221552624438585,157.25149634208822,0.21468926553672316,55.28540615803237,0.25459470371398,0.5225988700564972,208.2135414962239,0.9588437273109881,0.807909604519774,728.0145775459007,3.352578348433238,0.8954802259887006,1220.2114004482787,5.619192867599377
train_fraction_50,lgbm,raw,2024_primary,TransnetBW|up,6511.520222956273,87874947.33729863,3282.5159433011368,0.34344508256693795,0.681291314113304,1641.2579716505686,0.4971751412429379,14781.490230008982,1.546566786025232,0.7627118644067796,24546.826521409475,2.5683003546735153,0.8757062146892656,29980.695612627034,3.136838528113223,0.9576271186440678,39274.54087594447,4.109240645561697
