scenario,model,method,month,MAE,SE,WIS,nWIS,nMAE,pinball,coverage50,width50,nwidth50,coverage80,width80,nwidth80,coverage90,width90,nwidth90,coverage95,width95,nwidth95
calendar_only,lgbm,raw,2023-10,8741.729438661072,305816811.75603753,5327.41586917961,1.1742705054642686,1.784206726862483,2663.707934589805,0.43333333333333335,7875.145678738234,1.1439155958854554,0.6458333333333334,12876.407454259996,2.0952874434964834,0.7083333333333334,14881.72427878595,2.789780151341388,0.7875,17138.24521674804,3.6594335188750007
calendar_only,lgbm,raw,2023-11,7533.942605954501,261183624.57174677,4169.345616380467,0.8022517950881046,1.3750294346759862,2084.6728081902334,0.5144230769230769,9229.79212932457,1.3664580968826383,0.7692307692307693,17216.43440305962,3.141165121062085,0.8509615384615384,20397.618999375707,4.106727449430712,0.9278846153846154,23758.194382796937,5.420089062501213
calendar_only,lgbm,raw,2023-12,6301.659101916229,216563596.74025282,3593.231329499054,0.6401292819312954,1.0066493997692705,1796.6156647495272,0.43333333333333335,7709.006728293879,1.1866026444171547,0.7416666666666667,15613.331262759846,3.067911380500765,0.8625,20693.91790491302,4.606213507620306,0.9333333333333333,26077.71497481333,5.992313167380661
calendar_only,lgbm,raw,2024-01,9057.415281039126,245156996.206233,4785.7302148851695,0.862095757634402,1.4995852873321138,2392.865107442585,0.4708333333333333,12131.069016470175,1.8242912287696276,0.6458333333333334,21082.270728506715,3.422857562168739,0.7291666666666666,24716.562659367995,4.652775973319435,0.8625,28033.247709477055,5.856720191801888
calendar_only,lgbm,raw,2024-02,8027.552179389916,160223710.95916763,3369.1281880244906,0.5438346915532207,1.1297465654404741,1684.5640940122453,0.5138888888888888,16293.980533860506,2.418234461715168,0.8055555555555556,26253.005254393647,4.138591791689549,0.8935185185185185,30436.14985871376,5.499244877960298,0.9768518518518519,34003.79500086958,6.680953346865973
calendar_only,lgbm,raw,2024-03,5110.451554471276,61473794.46070987,2429.330131629368,0.6012002367881784,1.0361318925980632,1214.665065814684,0.5080645161290323,12291.718788508237,1.80952918789246,0.7701612903225806,21752.48437819497,3.487675744872063,0.8467741935483871,25449.77018459402,4.733581379935402,0.9798387096774194,28846.585422863678,6.181809103510455
calendar_only,lgbm,raw,2024-04,4033.1578171735778,54382845.05838564,2144.638765413777,0.4788371011878498,0.7979675334081784,1072.3193827068887,0.5791666666666667,9518.641320097031,1.5930142213347276,0.825,19014.58892559568,3.705968398025069,0.9083333333333333,23874.934635764857,5.088153514840175,0.9666666666666667,29381.002948468555,6.774639589952089
calendar_only,lgbm,raw,2024-05,7137.281996054746,347351813.63998574,4479.578157161172,1.2174215882149788,1.7102917582202122,2239.789078580586,0.4708333333333333,4901.757446670274,1.6397039216089584,0.7375,11786.539790324297,4.630107987438541,0.8708333333333333,17960.326851932394,6.471782213760791,0.9208333333333333,23332.457083862817,7.7896831093756065
calendar_only,lgbm,raw,2024-06,3240.7361052010974,43799664.013617754,1837.5776666256436,1.7119073575691954,2.4791068550604636,918.7888333128218,0.5125,3593.4757270934847,1.229475725422425,0.7333333333333333,7931.602287202281,3.4861666294502194,0.8166666666666667,12422.939778857603,4.801546367704593,0.8708333333333333,15896.681706315265,6.368672218326035
calendar_only,lgbm,raw,2024-07,2165.491191314115,21175465.402517788,1135.9822513713755,0.8496528950392804,1.0530186620383428,567.9911256856877,0.5887096774193549,3591.861754187441,0.8675300983157771,0.8185483870967742,6829.051664841171,1.8446464840714087,0.8951612903225806,9522.860051960415,2.698020799343697,0.9516129032258065,10978.375259191469,3.488791916131122
calendar_only,lgbm,raw,2024-08,2683.695319038517,46342944.4634419,1763.3213220059918,0.5787820979950374,0.7429101940130315,881.6606610029959,0.5375,2045.9938122187,0.5224898693727046,0.7791666666666667,4706.529491469713,1.3424463260872308,0.8291666666666667,7058.256004630677,2.0611408167975656,0.9041666666666667,8481.750814746638,2.6114115274392145
calendar_only,lgbm,raw,2024-09,6422.631087507198,253247899.52791667,4315.290628962039,0.9717776174001049,1.4260477127780253,2157.6453144810193,0.4482758620689655,4144.430886582694,0.693626811890388,0.6810344827586207,8942.135768732556,1.8909111195058081,0.7931034482758621,11798.528626220532,2.544805485206238,0.8663793103448276,13922.98938586157,3.1585190749953775
calendar_only,lgbm,raw,2024-10,7052.361265745848,220006243.61287677,4079.962978845218,0.7727631820893779,1.2502226660245297,2039.981489422609,0.4051724137931034,7822.980251210293,1.1357697810905325,0.6767241379310345,12760.610945944309,2.079449062394091,0.7543103448275862,14703.085398875794,2.7635184686969527,0.8491379310344828,17012.9764332964,3.649055895896848
calendar_only,lgbm,raw,2024-11,8653.450402977045,281502599.5021157,4479.255302351989,0.7921574231239896,1.457302040310937,2239.6276511759943,0.41517857142857145,9377.082642364108,1.3971888593619404,0.6785714285714286,17789.59826141805,3.2464296580075307,0.7901785714285714,21257.80068651521,4.31602599786372,0.9017857142857143,25002.557812549774,5.698688368684114
calendar_only,lgbm,raw,2024-12,11993.28719299128,656577059.6021309,7604.44656693151,1.1790475264413471,1.8764018018599111,3802.223283465755,0.38362068965517243,7794.806015866886,1.1940095388619807,0.6594827586206896,15662.483203093849,3.079350647908807,0.7543103448275862,20836.63071217428,4.625818380953767,0.853448275862069,26273.480508404034,6.021737280779407
delay02,lgbm,raw,2023-10,8520.849589784393,308046279.7759585,4694.211632907108,0.9842317025177693,1.703400092908656,2347.105816453554,0.4625,8827.137475745616,1.428283612713568,0.7333333333333333,15226.148533396236,2.948254213598886,0.8083333333333333,17892.96172632657,3.528396599192861,0.8583333333333333,21537.381266341374,4.501892548448189
delay02,lgbm,raw,2023-11,7875.1172912713355,280060856.1887592,4170.222472332861,0.7676372858987397,1.3472292116747744,2085.1112361664304,0.39903846153846156,9154.620942754242,1.4219862042772429,0.7548076923076923,16606.055375798096,2.925517318237426,0.8846153846153846,20822.14327177626,3.9232770555516243,0.9278846153846154,23166.47997968228,4.765870406550722
delay02,lgbm,raw,2023-12,7735.675562240812,244906182.07023713,3954.6954030032816,0.665375562341527,1.161018949916571,1977.347701501641,0.2875,10380.812059867905,1.5267614845664137,0.6833333333333333,19422.761813089903,3.114079965419199,0.8583333333333333,23928.24495880333,4.200134882129754,0.925,27652.958818447496,5.618387463202013
delay02,lgbm,raw,2024-01,8596.176657796514,220832738.607103,4116.989748667024,0.7519188616301,1.4103465583387627,2058.494874333512,0.4,11937.806426096236,1.8631592733751046,0.65,21469.372691919918,3.7163161221423278,0.8041666666666667,26471.31384880869,5.3312981974388896,0.9041666666666667,31965.46400451207,6.716327074857125
delay02,lgbm,raw,2024-02,6880.533874315866,132961823.2025915,2925.185654758855,0.48353445281013985,1.02765887504569,1462.5928273794275,0.49537037037037035,10700.814433510974,1.6315102961258392,0.7777777777777778,20304.213588373437,3.2748897948763047,0.875,24486.16360217351,4.761571062307341,0.9398148148148148,30468.23755947509,6.15433870572619
delay02,lgbm,raw,2024-03,4247.992414185655,52451987.43037105,1967.476639549711,0.572580116936747,0.9762313271055567,983.7383197748557,0.5040322580645161,8126.485737091123,1.19266048278794,0.7862903225806451,14463.34864409951,2.6050014831951644,0.907258064516129,17811.71537106411,3.8017283261243424,0.9758064516129032,27544.666407484594,5.990229513467086
delay02,lgbm,raw,2024-04,3433.2541354128066,55169057.38037332,1854.3260774235125,0.4199131488439632,0.7326788554465578,927.1630387117564,0.5291666666666667,6006.522744263136,1.0205536057249525,0.8291666666666667,13286.242252353772,2.7958306735439113,0.9291666666666667,17029.142882427997,4.345132225243461,0.9708333333333333,25274.671175727002,6.407344604279664
delay02,lgbm,raw,2024-05,7205.163528466161,325735796.93316174,4397.6229306629375,1.129753865560693,1.7591917823113772,2198.8114653314688,0.42916666666666664,6379.934112191234,1.5567224178904249,0.7583333333333333,14456.055746273998,4.500062837172904,0.8625,21622.15435372209,6.66987317720149,0.9125,28348.028528966344,8.670261460684838
delay02,lgbm,raw,2024-06,3114.8610675752034,41039305.07235079,1659.6173085357163,1.5663444029032236,2.4425072824305087,829.8086542678583,0.45,4355.5479516432815,1.1663339155907715,0.7166666666666667,9215.478879728287,3.0032565514208946,0.8458333333333333,13323.917359319517,4.565325138158644,0.8791666666666667,19140.424253709964,6.3507916160130184
delay02,lgbm,raw,2024-07,1947.5192127912535,23467877.82133214,1197.9884402158643,0.8023344171409234,1.03204977611315,598.9942201079323,0.4879032258064516,3771.5856981661996,1.1749344107971629,0.8225806451612904,8495.22153172536,3.0970690265900784,0.9314516129032258,10833.248491899363,3.9101357256778875,0.9596774193548387,17505.592981196434,5.45522064903348
delay02,lgbm,raw,2024-08,2548.190159140866,41141213.79778523,1645.2183432615443,0.4530915538841935,0.7277145731281565,822.6091716307723,0.5083333333333333,5664.135337755836,1.0535022183999838,0.775,11226.666353417788,2.643284505160758,0.9083333333333333,15308.265528117385,3.700966273176513,0.9708333333333333,20118.190000979164,5.001717607710125
delay02,lgbm,raw,2024-09,6264.766548130486,242608026.2933652,3939.352062305718,0.876138459648359,1.3957099183520727,1969.676031152859,0.46120689655172414,6333.5816045376805,1.1500914249100993,0.7456896551724138,13007.623190311824,2.629498000076721,0.8577586206896551,16629.839186804275,3.743557505800251,0.9051724137931034,19944.36253173793,4.844508759370872
delay02,lgbm,raw,2024-10,6806.850733235603,217926772.2544858,3668.1043116335104,0.6823256299743177,1.2027063729481267,1834.0521558167552,0.4956896551724138,9038.854258304542,1.4343451237505034,0.771551724137931,13756.7255925834,2.6717213413481513,0.8362068965517241,15923.114497350443,3.3831601518326684,0.9094827586206896,18745.86275451887,4.388933292827328
delay02,lgbm,raw,2024-11,8071.078414172866,216541289.54574177,3691.00899872505,0.6658259870061435,1.365654743707412,1845.504499362525,0.39732142857142855,12790.98491802294,1.97292846269225,0.7455357142857143,22322.827307924363,3.888371194415518,0.8839285714285714,25897.470301065438,4.7995125563525765,0.9419642857142857,28626.153746336528,5.61470808277962
delay02,lgbm,raw,2024-12,11078.660929072472,544080312.4717826,6280.961490142898,0.9587061420414192,1.712616318087841,3140.480745071449,0.35344827586206895,9971.193995590782,1.548686142301817,0.6508620689655172,19023.883040767705,3.210765779449024,0.7887931034482759,24408.20006732258,4.44303593871993,0.853448275862069,26942.849843469532,5.518432958775008
delay07,lgbm,raw,2023-10,8570.707439474541,312034279.0130396,4803.1441669778515,1.0052414930529743,1.6954793816873654,2401.5720834889257,0.44583333333333336,8536.523582839249,1.4029440927305399,0.6708333333333333,14001.820781483308,2.4931482431597414,0.775,16247.554751610607,3.1136033977018625,0.8458333333333333,19753.95471261585,4.31042940970823
delay07,lgbm,raw,2023-11,7582.734779752077,260848965.60415375,4201.942086715354,0.792821967937815,1.3353003413951952,2100.971043357677,0.4230769230769231,8910.524774164158,1.5113667956519072,0.7163461538461539,15073.676423446399,2.6605715587672942,0.8846153846153846,19280.198050050847,3.697280435184177,0.9182692307692307,22737.97201382795,4.708296479105342
delay07,lgbm,raw,2023-12,8335.54873112305,268497400.1307442,4280.189005452911,0.7276964065706877,1.2635222391255183,2140.0945027264556,0.37083333333333335,10927.910106956419,1.7094006104098391,0.6458333333333334,17571.743437494428,2.9899396207365796,0.875,22783.2661902899,4.456636649472747,0.9375,28100.597713548264,5.726156324989651
delay07,lgbm,raw,2024-01,8912.599593181538,242267138.88538092,4395.992068400973,0.8036378595606416,1.4623864826969082,2197.9960342004865,0.4583333333333333,12377.306527241399,1.8929639235756774,0.65,19842.73918173617,3.6301958716252245,0.8375,25440.260758838896,5.282612695081672,0.9125,30376.746848173698,6.63000688097131
delay07,lgbm,raw,2024-02,6701.148419877522,127654637.09428778,3023.4402196685287,0.5048998607642777,0.9953576656573281,1511.7201098342643,0.4861111111111111,12038.647905921804,1.769228913615103,0.7638888888888888,21775.04677622084,3.815702735984132,0.9351851851851852,26570.436565260843,5.241111853066748,0.9722222222222222,31090.057186396578,6.433324321663145
delay07,lgbm,raw,2024-03,3906.1852844209775,43429528.81281691,1919.6680396237452,0.5678790645099847,0.9352227597477926,959.8340198118727,0.4637096774193548,8210.698971314392,1.2167934286471784,0.7741935483870968,14872.049623353036,2.793911181482281,0.9153225806451613,18332.605789089692,3.8614279522604047,0.9637096774193549,24743.664832290095,5.336364954083656
delay07,lgbm,raw,2024-04,3267.8454023341915,52706913.29010599,1827.1715690373328,0.4271404825547163,0.715806280528826,913.5857845186666,0.5375,6732.268526646124,1.1955054311105813,0.825,13594.589215844862,3.078543598145094,0.925,18223.626921913172,4.487257911859556,0.9583333333333334,23428.52633977647,6.110564902252153
delay07,lgbm,raw,2024-05,7352.653227965371,350254385.93219894,4547.335037783827,1.1265603224428429,1.7487047319451632,2273.6675188919135,0.45,7339.042400645819,1.5964525557546414,0.7333333333333333,13191.68146122722,3.8621351917001414,0.8583333333333333,18749.935693734493,5.745345961293626,0.9166666666666666,25677.747266849878,8.710138996627526
delay07,lgbm,raw,2024-06,3153.778542301462,43075484.00756906,1684.774182523176,1.5318497276235814,2.4445961588730087,842.387091261588,0.425,3448.2289631196136,0.9912946146982043,0.7291666666666666,8510.671077386745,2.9974193884255027,0.8583333333333333,12323.627157207751,4.41701371449365,0.9,18022.832058118325,6.291238178926904
delay07,lgbm,raw,2024-07,1982.0890792762264,22905007.526038174,1224.7941388039899,0.8064686429218837,1.0488730482353512,612.3970694019949,0.4637096774193548,3062.2965353579884,0.7933160654296588,0.7661290322580645,6513.402255547628,2.4628885426420983,0.8629032258064516,8980.627042330441,3.29103167219641,0.9516129032258065,14515.563842069192,4.64249118612018
delay07,lgbm,raw,2024-08,2569.702870166687,43241412.51204356,1623.062260658468,0.4783423073290933,0.7275108977764956,811.531130329234,0.5333333333333333,4881.475497889396,0.9235840440958916,0.8166666666666667,9481.986544244171,2.2065711675174695,0.8625,12811.723950763333,3.111432772144489,0.9291666666666667,16919.907418009094,4.306952464071362
delay07,lgbm,raw,2024-09,6253.107169039414,255762778.34409803,4045.7892405603593,0.8983777603161817,1.3901808768651558,2022.8946202801799,0.47413793103448276,6694.108336498138,1.1516632722943836,0.6982758620689655,11048.56901326895,2.3145235382354077,0.8275862068965517,14927.078256369641,3.2844705042661433,0.8922413793103449,18385.464547487794,4.389272306060298
delay07,lgbm,raw,2024-10,6843.619353819306,214778341.6537239,3831.7277088761075,0.7047552322322282,1.2041205631341967,1915.8638544380537,0.4353448275862069,9111.873542806943,1.40363739904703,0.728448275862069,13146.861872453885,2.406998520256196,0.8146551724137931,14851.825139353989,3.2229849715608236,0.8836206896551724,17307.75950473797,4.003323708192124
delay07,lgbm,raw,2024-11,8167.819767362127,234531689.63220337,4010.653715140051,0.7077017170197768,1.3693151774690135,2005.3268575700258,0.40625,11498.106090436866,1.7573040854954731,0.6875,19074.46361683525,3.26976298955426,0.8526785714285714,23066.299603520885,4.448826805713432,0.9285714285714286,26346.235406534666,5.434775399443846
delay07,lgbm,raw,2024-12,11620.5016872449,573454567.7990352,6630.362009804063,1.0183725325183444,1.7874991001278855,3315.181004902032,0.38362068965517243,11415.182168970368,1.7940440987270403,0.625,17913.300431671392,3.0853043842525474,0.7931034482758621,22775.366669229876,4.364804506873436,0.8706896551724138,27379.07697549457,5.730043855531637
delay30,lgbm,raw,2023-10,8541.739356022952,317882529.5029695,4917.272307640163,1.0666573662948298,1.7068057216090295,2458.6361538200813,0.4583333333333333,8746.804439739482,1.4724054378195965,0.6625,13721.625749874382,2.3727418732808188,0.7416666666666667,16037.607398785874,3.2305418030466115,0.8083333333333333,19317.249797847064,4.395432894178865
delay30,lgbm,raw,2023-11,7788.764201960015,243989831.83742782,4031.619630521284,0.7740023723164771,1.3511217957058732,2015.809815260642,0.4182692307692308,10428.062423781072,1.752528001830614,0.7644230769230769,17452.939012108043,3.080251189766912,0.8653846153846154,20159.953279046604,4.037592847686296,0.9134615384615384,23658.6340466935,5.237136051448269
delay30,lgbm,raw,2023-12,8521.79558721728,250453831.35280508,4261.3694372396685,0.7572803468611432,1.3355704247180782,2130.6847186198347,0.275,10957.645355425739,1.8863772633862073,0.6375,18323.507601757105,3.552596464640259,0.8,22639.159435561865,4.684802428945075,0.9166666666666666,29146.51820552529,6.71325776864026
delay30,lgbm,raw,2024-01,8938.702055461139,221078839.96305344,4415.006849415886,0.8256015512437476,1.4923507146743789,2207.503424707943,0.37083333333333335,12920.694168326523,2.052201769207294,0.6416666666666667,20475.57926131001,3.9479265556663403,0.7666666666666667,25961.057913985187,5.926772670272844,0.9166666666666666,32695.804627359343,7.9413512198641
delay30,lgbm,raw,2024-02,7406.32135370811,148238669.89818934,3273.335804037449,0.5621525386000485,1.0716885637502926,1636.6679020187246,0.4027777777777778,13190.188009108939,2.0456015914060006,0.7175925925925926,23482.91220142107,4.117707208238617,0.8703703703703703,28429.885732579623,6.201509237044771,0.9768518518518519,32342.41971400926,7.543493436165214
delay30,lgbm,raw,2024-03,4670.683859087112,55125429.87380997,2206.344024822658,0.5857874621127132,1.0225945118419348,1103.1720124113292,0.3629032258064516,9204.18899660748,1.3688262697714757,0.7338709677419355,17453.68439330924,2.896739263754783,0.8467741935483871,23158.492160104084,4.8959779780310395,0.9475806451612904,27201.214268731397,6.171719137316449
delay30,lgbm,raw,2024-04,3398.8867209812274,47004053.03050556,1888.0952824273882,0.44776933388797235,0.7208809522366908,944.0476412136942,0.5375,7359.803786783943,1.2352549870473408,0.7875,14266.268069097157,2.903640614706138,0.8708333333333333,20732.206116900023,5.1501087638817475,0.9583333333333334,25384.966122711794,6.61291362285152
delay30,lgbm,raw,2024-05,6980.692821015267,329653987.18401474,4375.356411512178,1.1676724494233623,1.7030161627240958,2187.6782057560895,0.42083333333333334,6904.0843219550925,2.009015282680893,0.7416666666666667,16441.85625714048,5.649669180091113,0.8833333333333333,22474.284600228984,9.18481500547138,0.95,29872.53506874928,11.330874009196572
delay30,lgbm,raw,2024-06,3416.888957316789,41658395.85928099,1890.5891363992466,1.4810946022054656,2.5180108878659535,945.2945681996235,0.4375,6033.500543893173,1.8988628447443208,0.625,11638.843922816006,4.21937245691612,0.825,17442.67792513358,7.0670503601416135,0.9083333333333333,25708.05904090557,9.118109381758837
delay30,lgbm,raw,2024-07,2484.585242214581,20336440.50706113,1389.7499321568496,0.8385393588967245,1.1003798350366507,694.8749660784248,0.4314516129032258,5342.478839293103,1.5115912965410292,0.7137096774193549,9598.054935346614,3.134787541266592,0.9032258064516129,14153.502591574197,4.499016000463062,0.9596774193548387,23113.2212574417,7.07316748862527
delay30,lgbm,raw,2024-08,2980.150717442743,42340238.31937783,1674.9729466587783,0.4657052081581119,0.7809867711341847,837.4864733293892,0.4583333333333333,5389.863889458736,1.5005093783571577,0.725,13680.818636635177,3.589251521260669,0.8916666666666667,17594.112343715115,4.664418054926227,0.9583333333333334,21774.12992953335,5.765094390133528
delay30,lgbm,raw,2024-09,6136.669817044081,243329317.2952092,3878.8817783552818,0.8691548301429987,1.3793969317254915,1939.440889177641,0.41810344827586204,6003.857294057403,1.2143118587031605,0.7155172413793104,11923.218858771188,2.4603954791964417,0.8577586206896551,15726.671359029086,3.682100032404972,0.8922413793103449,18890.891004269855,4.624255921724671
delay30,lgbm,raw,2024-10,6824.933974202187,210480443.78265423,3774.267614049198,0.7340181683760276,1.2134546374747033,1887.133807024599,0.4353448275862069,9931.58934852904,2.0015555782906516,0.7068965517241379,14250.559114677148,3.4362287570179846,0.8232758620689655,16992.41046649553,4.391103469220954,0.9008620689655172,19071.19973435924,4.952900643815469
delay30,lgbm,raw,2024-11,8425.138502541366,223884158.26981115,3952.454920742662,0.7077340961044101,1.40752664176801,1976.227460371331,0.375,14053.382745063307,2.1588689106595145,0.6785714285714286,21115.38274811106,3.722234058530372,0.8348214285714286,24202.20144813308,4.514962945264164,0.9419642857142857,27861.27571891327,5.804718702557957
delay30,lgbm,raw,2024-12,10955.121755938275,541735065.1928632,6458.989228387565,0.9920739901032584,1.7045447462782688,3229.4946141937826,0.375,11315.50050723581,1.6562584277298158,0.6853448275862069,19012.951722649042,3.3348131268460857,0.7801724137931034,23301.26599309369,4.47426431691247,0.8879310344827587,29302.554975525243,6.421534551847395
delay60,lgbm,raw,2023-10,8605.438163879207,308494545.3587395,5054.673456770203,1.1346157790064462,1.7216005741401128,2527.3367283851017,0.44166666666666665,9868.555567891673,1.4787782592752974,0.6166666666666667,13875.7538460441,2.313309088292194,0.7458333333333333,16187.487412240233,2.934779524710087,0.8083333333333333,19766.343821218936,4.001586413997746
delay60,lgbm,raw,2023-11,7593.126040943562,249722869.82973337,4048.9836876133368,0.7912035804608859,1.3563840064667008,2024.4918438066684,0.4230769230769231,9946.41600719438,1.5128959728452354,0.6971153846153846,17989.901531299503,3.0906996377118503,0.8221153846153846,20417.160592714263,3.765245545812365,0.8894230769230769,23961.80179256865,5.043327981523867
delay60,lgbm,raw,2023-12,8066.187654470202,242760579.38746178,4216.89810785954,0.7374841142814975,1.2750632240610964,2108.44905392977,0.3,10481.74055080412,1.718582125244828,0.6041666666666666,19376.728767368284,3.491606492387666,0.7291666666666666,23953.98013893158,4.50435041762198,0.8666666666666667,30862.387407192648,6.523286517735082
delay60,lgbm,raw,2024-01,9005.24899040528,230683538.34371993,4394.693757396667,0.8094733704788397,1.5259571441068494,2197.3468786983335,0.3875,11175.3161666703,2.0269072502395247,0.6125,20287.13126781983,3.884516533976435,0.7583333333333333,26003.342214177992,5.0666189267362105,0.8833333333333333,33136.56558190878,7.0883578775453175
delay60,lgbm,raw,2024-02,7477.506701285473,161860075.61395797,3284.250918663618,0.5414767364073055,1.1078493178521998,1642.1254593318092,0.4166666666666667,13448.364942610531,2.1391043349089127,0.7685185185185185,25180.752671754064,4.383098857355097,0.8842592592592593,28118.46065138387,5.137723674335989,0.9259259259259259,35162.67780634985,7.082748432447765
delay60,lgbm,raw,2024-03,4543.071443537868,52068140.32832173,2360.960611507517,0.6279043634623055,1.0032007161907097,1180.4803057537586,0.5,11191.37959816084,1.7015683941796613,0.7298387096774194,20451.164087998717,3.398507038212178,0.8548387096774194,24141.064043711067,4.638801759173911,0.9395161290322581,34174.79491370518,6.950894073352426
delay60,lgbm,raw,2024-04,3732.4850275323643,56495372.831913956,1991.0308403501726,0.4567363882263919,0.7664311194213294,995.5154201750864,0.5333333333333333,7431.712985714002,1.3030275721838056,0.8208333333333333,15631.643337891697,2.9197885438580373,0.9,19555.39854477159,4.49037478321713,0.9625,29360.887261730695,7.044855397101424
delay60,lgbm,raw,2024-05,7218.18900533729,346244849.15859544,4800.372631909875,1.30959284817331,1.7264836553232692,2400.1863159549375,0.44166666666666665,4075.2230464255804,1.1958992228147638,0.6833333333333333,7701.8363118224315,2.3213729474948863,0.8208333333333333,13491.753091692577,4.520772540510064,0.9041666666666667,23976.561348531082,7.018981668412982
delay60,lgbm,raw,2024-06,3098.606775331023,42294378.833090276,1781.2901434632408,1.472949862484899,2.466645315518908,890.6450717316205,0.4,3138.4029961712763,1.1399783403946668,0.7208333333333333,7463.855070133634,2.749889850029949,0.8375,13585.82720604872,4.8071348902295075,0.8958333333333334,24278.680581794455,7.155320238908419
delay60,lgbm,raw,2024-07,2107.661299960254,21426129.30382779,1360.7208736313678,0.8536038204349528,1.0486298530106222,680.360436815684,0.4032258064516129,2647.9403756445035,0.9437919288841501,0.717741935483871,6112.514353542421,2.850362969355052,0.875,12514.392640974982,4.599759251790785,0.9516129032258065,21731.365455957144,6.689621283699518
delay60,lgbm,raw,2024-08,2824.918909473815,41577138.26826266,1592.0412911741012,0.5125510743403312,0.761161499697975,796.0206455870507,0.4083333333333333,3594.779463783685,0.8309895992361362,0.7208333333333333,7282.851469729284,1.8133622490108974,0.8666666666666667,12420.783474668018,3.1606316168787316,0.9458333333333333,17986.519245722473,4.415512066182156
delay60,lgbm,raw,2024-09,6285.103592756828,248475442.99496776,4092.793448637129,0.9358869798223967,1.410566488177163,2046.3967243185646,0.3706896551724138,4694.822856304423,0.7416424994630534,0.6681034482758621,9461.084334507104,1.8144329620425206,0.7974137931034483,13169.797638216436,2.826397722772053,0.8793103448275862,18409.866482069105,4.008237790804971
delay60,lgbm,raw,2024-10,6652.3969975131295,226567578.28763416,4083.085219765711,0.7835461002511951,1.2124591963321327,2041.5426098828555,0.40086206896551724,6462.153915928086,1.266604874129017,0.6293103448275862,11015.851525013653,2.3632342336818812,0.8405172413793104,15745.814953155157,3.775378600059815,0.896551724137931,21098.681934193475,4.840141658381118
delay60,lgbm,raw,2024-11,8456.261821212916,216364737.65127674,3951.9139218629016,0.7159506386949241,1.433028037979693,1975.9569609314508,0.35267857142857145,15148.712681473875,2.2445111813399974,0.6517857142857143,23531.336541680266,4.070402079389776,0.78125,26435.495872293486,5.073222415520574,0.9241071428571429,31049.756802089036,6.131788937110843
delay60,lgbm,raw,2024-12,11635.24632375869,569550999.0016258,6307.299193300473,0.9916310227716071,1.7979907735976117,3153.649596650237,0.3103448275862069,10932.656685690552,1.7036649748123784,0.5948275862068966,18609.545957254948,3.4058050420690047,0.7413793103448276,24407.361314422906,4.681590797798537,0.8620689655172413,29160.98619428194,6.05010128783484
fixed_cohort,lgbm,raw,2023-10,6889.903524966127,162027721.56478223,3451.755867181892,0.8544224009047406,1.5182942729108335,1725.877933590946,0.45416666666666666,8621.067536206985,1.479638664639972,0.7041666666666667,13640.178821258685,2.464469464854738,0.7958333333333333,15794.407070190173,3.0019358340507867,0.8541666666666666,19018.063852876112,4.138962086744477
fixed_cohort,lgbm,raw,2023-11,6828.952518793525,182512729.7410191,3593.820624725689,0.6939357612632886,1.2141205478948816,1796.9103123628445,0.42788461538461536,8818.478947194057,1.4145240630713631,0.7788461538461539,14075.636931397514,2.5819923871939716,0.8605769230769231,17439.87519307765,3.3315760929779428,0.9038461538461539,21606.932474394634,4.345253951652437
fixed_cohort,lgbm,raw,2023-12,7806.9529847816475,198510376.17056835,3750.4167262863607,0.6538176558988762,1.1859902935105222,1875.2083631431803,0.325,11215.469881344843,1.6236338074823862,0.6625,18572.659799761564,2.990107436500909,0.85,23607.09391412472,4.449236389483276,0.9,28864.663816279302,5.704665589265804
fixed_cohort,lgbm,raw,2024-01,7538.370688567926,166543595.9602181,3662.8682023134434,0.6952946515128379,1.2743314213537396,1831.4341011567217,0.45,11232.23098278156,1.6820431533311084,0.6666666666666666,19908.230349503287,3.3636244235425132,0.8208333333333333,26794.421502125846,5.377208685065375,0.8583333333333333,30217.305559292316,6.534733044801476
fixed_cohort,lgbm,raw,2024-02,6093.102230600459,101440945.69946548,2757.2015945598782,0.4716712059080795,0.9303178407165452,1378.6007972799396,0.5231481481481481,11718.680605935611,1.6720987748947072,0.7731481481481481,20733.950197371603,3.435542770636815,0.8888888888888888,25574.420223023975,5.040277630580027,0.9398148148148148,29622.122161225812,6.3807830626021635
fixed_cohort,lgbm,raw,2024-03,3456.2882562400796,34098274.41412748,1841.0950420352858,0.5562936354442416,0.8791848084298722,920.5475210176429,0.532258064516129,8692.15947458347,1.2609090552768638,0.8024193548387096,15802.524808932845,2.634147845012333,0.9112903225806451,19825.91851573416,3.9342446477925,0.9637096774193549,23321.60124293608,5.3895877723436545
fixed_cohort,lgbm,raw,2024-04,2604.736043879768,27362655.627179302,1507.8381355428987,0.38965282026803766,0.6208933663243552,753.9190677714495,0.575,6570.26014627973,1.173810752287863,0.8291666666666667,13301.395603254072,2.9291889232326933,0.9333333333333333,18237.470467427855,4.4729592752885186,0.9708333333333333,23286.9628878468,6.3490675214499435
fixed_cohort,lgbm,raw,2024-05,6189.474141723423,235914654.6957198,3627.7591448181533,1.0249354500805465,1.6071245997365935,1813.8795724090767,0.5458333333333333,8791.23430582652,2.0873937685251382,0.7625,14283.722712195688,3.853581078666024,0.9,19987.28630236049,5.983351451583577,0.9375,26596.55936315364,8.669314010472021
fixed_cohort,lgbm,raw,2024-06,2953.9938440535107,38354058.09540627,1672.504521036881,1.501527900898838,2.379913108444932,836.2522605184405,0.4125,3820.5590394624287,1.2229436022730362,0.7083333333333334,8314.221519661738,3.0881234305937366,0.8458333333333333,12616.683646946702,4.73112991463411,0.9041666666666667,16690.440538074123,5.972381544546547
fixed_cohort,lgbm,raw,2024-07,1671.173095506502,13866969.38655471,1124.141320448874,0.8088882031545409,1.0003924490652312,562.0706602244371,0.4798387096774194,4181.349815354465,1.1695939988545794,0.7298387096774194,6972.89339208359,2.507019668347237,0.8588709677419355,9782.505587246593,3.3266177601269655,0.9435483870967742,15375.111189651434,4.536683784118991
fixed_cohort,lgbm,raw,2024-08,2128.2875555077717,31856808.99920819,1492.4025863134798,0.44936561995791713,0.6302923269096884,746.20129315674,0.4625,5532.5944000788895,1.0415718701064522,0.7458333333333333,10679.744314954825,2.42475179358663,0.8625,13969.471865767506,3.2085913698446538,0.9291666666666667,18029.89025157983,4.297731807864975
fixed_cohort,lgbm,raw,2024-09,4918.0418142856915,157129265.27642444,3010.5884062510127,0.6906071362873516,1.0729818395194188,1505.2942031255063,0.47844827586206895,6493.557795304009,1.1426057296215277,0.7112068965517241,12081.923019742708,2.4997365370972924,0.853448275862069,15461.410313699978,3.2599146271624106,0.8922413793103449,18954.300040816706,4.271577978025267
fixed_cohort,lgbm,raw,2024-10,5847.912857989106,150792009.31662083,3144.1799492906616,0.5787309068878173,1.0129722410162503,1572.089974645331,0.45689655172413796,8250.20040911185,1.2458873025713673,0.7543103448275862,12414.706547323458,2.293230912045738,0.8793103448275862,14853.782967704441,3.130728242706147,0.9008620689655172,16884.253552004844,3.8196203157925313
fixed_cohort,lgbm,raw,2024-11,7085.1962905433,164056254.24760333,3249.952070515399,0.5873425893028984,1.1820956179273805,1624.9760352576998,0.45535714285714285,10525.569750116885,1.552017176819039,0.7455357142857143,18952.108407251548,3.1774795235276843,0.8928571428571429,22495.431261155627,4.25218108810905,0.9553571428571429,27939.737842520513,5.435733087206066
fixed_cohort,lgbm,raw,2024-12,9115.0358100378,292586997.74550635,4930.1543631949335,0.8303562900251449,1.4653131423723993,2465.0771815974667,0.3706896551724138,10801.682868487882,1.6589640514680744,0.6336206896551724,17151.057242979794,2.8661073673281687,0.8103448275862069,21271.30199279018,4.075672555267538,0.875,26052.252312981644,5.247897735435616
forecast_proxy,lgbm,raw,2023-10,7053.274003060337,192226171.91712156,3825.057248223401,0.830886550820162,1.4968956005615668,1912.5286241117005,0.42916666666666664,7030.259262526023,1.3113939641180303,0.6791666666666667,12589.658015042956,2.519733991422023,0.7958333333333333,15656.151057795454,3.263655753468822,0.8625,17768.089853235913,4.073053378349816
forecast_proxy,lgbm,raw,2023-11,6807.532904281814,163434392.86550564,3310.4402520062035,0.6679173536375662,1.2227239745223122,1655.2201260031018,0.40384615384615385,8248.846693254392,1.4986032179522684,0.7115384615384616,15213.525977950765,2.9763254240054953,0.8557692307692307,19063.863114041724,3.910555385344481,0.9086538461538461,21185.523442720336,4.666890425715815
forecast_proxy,lgbm,raw,2023-12,7689.043456271124,194912333.12637419,3490.509880542524,0.6061244145522414,1.1668140313209947,1745.254940271262,0.35833333333333334,8962.45322412687,1.3882365057941457,0.6708333333333333,16464.723446230615,2.787033739933022,0.8708333333333333,21287.06751679968,4.2306305535424995,0.9166666666666666,24439.93305061026,5.285902357852333
forecast_proxy,lgbm,raw,2024-01,7587.898415901435,172918794.41600835,3844.733222247889,0.7255157129817299,1.3283665229459092,1922.3666111239445,0.39166666666666666,10269.878784300432,1.6174432373846304,0.6375,18620.72403991445,3.3239846272087714,0.7958333333333333,23634.932661430405,4.969170622183553,0.875,27025.406542940753,6.196366417788947
forecast_proxy,lgbm,raw,2024-02,6726.555211136189,130592809.82720289,2895.6472163119465,0.47605229823385936,0.9862256929371094,1447.8236081559735,0.37037037037037035,10871.004431245232,1.6987204349192222,0.7083333333333334,20278.141631072394,3.721711800298052,0.8888888888888888,24197.186367052636,4.827050126982012,0.9305555555555556,27224.019354091917,6.064869891834767
forecast_proxy,lgbm,raw,2024-03,4915.090644494483,79259220.26171933,2149.8343929508665,0.5932879260232321,1.0110298524657308,1074.9171964754335,0.45161290322580644,7736.916307836899,1.2273980909322675,0.75,14452.032482162644,2.7154135151754737,0.8870967741935484,17563.965224994146,3.8274694281543207,0.9354838709677419,21553.535049694627,4.944322390026822
forecast_proxy,lgbm,raw,2024-04,3558.239103094076,49680028.93755335,1815.6595145384301,0.42465369736018743,0.7226209194492841,907.8297572692151,0.48333333333333334,7799.202939396503,1.520617703186159,0.8416666666666667,14525.516524443416,3.2212760691743103,0.9375,17822.50148377152,4.5258224058361565,0.9708333333333333,24911.79376953192,6.568514437137618
forecast_proxy,lgbm,raw,2024-05,5555.04935339352,205552744.45830244,3337.2095981707057,0.9672889211044395,1.5338574630471702,1668.6047990853533,0.45,7533.17055092068,1.642395863773235,0.7625,12004.54440414356,3.4999497786220086,0.9083333333333333,17461.487687206158,5.193823042700337,0.9541666666666667,25183.24696597842,8.291240682773536
forecast_proxy,lgbm,raw,2024-06,2585.9020119444444,22212413.253135666,1448.8705634345783,1.465636202046722,2.3793138124863775,724.4352817172893,0.48333333333333334,4480.261683877877,1.1833291457165247,0.7166666666666667,8639.308083109829,3.371848932574163,0.8625,13831.206669045017,5.068141828247189,0.9125,20484.07416270851,7.287450946821299
forecast_proxy,lgbm,raw,2024-07,1868.0293423374612,14128432.011673076,1215.2557241335483,0.8123110289655516,1.0362183109811647,607.6278620667741,0.4596774193548387,4481.150358809416,1.0809623283538587,0.7137096774193549,9057.852053780682,3.0759166422102413,0.8790322580645161,15833.093531513548,4.936104984559922,0.9637096774193549,21778.162701352074,6.366669095058358
forecast_proxy,lgbm,raw,2024-08,2198.8097529745914,29970337.908554263,1478.7025000200133,0.4518571525461701,0.6747542085719279,739.3512500100068,0.5125,5758.119379345305,1.0856957559466125,0.8208333333333333,12169.181795495837,2.9429180092215246,0.925,17541.09554971916,4.343906554550766,0.9458333333333333,22449.87058605375,5.565847975651859
forecast_proxy,lgbm,raw,2024-09,5419.764199274612,162630678.45759687,3345.4241821758214,0.7677873328345871,1.280555829095009,1672.7120910879107,0.46120689655172414,7177.835795132346,1.3461436374369156,0.7241379310344828,12359.980844308358,2.824202356649628,0.8405172413793104,15467.089612888645,3.8872740787238174,0.8922413793103449,18003.45746010705,4.656084334096847
forecast_proxy,lgbm,raw,2024-10,5146.284030018857,126538502.57418011,2915.427437583156,0.5756819998267896,0.9809617183772864,1457.713718791578,0.3706896551724138,5093.539028581311,0.8717510498007974,0.6896551724137931,9078.155937941641,2.0750650700354174,0.8318965517241379,11782.662191034917,2.791201766546597,0.896551724137931,14130.862284719755,3.4666878095162463
forecast_proxy,lgbm,raw,2024-11,5316.395485872951,112922938.02392815,2572.8388502821813,0.5099748275688791,0.9988041955269867,1286.4194251410906,0.45535714285714285,7532.516669610484,1.2456842681122053,0.7142857142857143,12754.508394374827,2.344635240843263,0.8883928571428571,16479.412268429216,3.39807623045106,0.9330357142857143,19677.31617987581,4.363895587096409
forecast_proxy,lgbm,raw,2024-12,8668.572532934784,342363523.2496249,4917.097643721392,0.7725972331944846,1.3769260233876432,2458.548821860696,0.3706896551724138,9754.92379949805,1.6082640074195993,0.6681034482758621,16485.692925426745,2.9545540245131225,0.8491379310344828,20844.986556044358,4.094547538833111,0.8922413793103449,23934.636795525425,5.11957155836552
main,arx,adaptive,2023-10,9588.337538059319,353917210.8134519,4771.682067858261,1.079162567092152,1.8539629999929346,2385.8410339291304,0.5041666666666667,5490.035798224703,2.3357255047957173,0.7375,16542.36949549564,7.385730864654656,0.8708333333333333,26333.11997021946,11.232704743778356,0.95,36304.22822087307,16.760385057863918
main,arx,adaptive,2023-11,7909.82363708557,305687247.9953703,4131.400076227445,1.0239464950964419,1.4846897091362847,2065.700038113723,0.3894230769230769,6816.907124043587,2.492398717496683,0.7163461538461539,18674.989270710135,7.721281013952547,0.8942307692307693,28867.976559115665,11.62431261730463,0.9423076923076923,35998.04575406022,14.074887820131977
main,arx,adaptive,2023-12,8751.822229406322,297125918.35226464,4211.889410246095,1.0351916207081835,1.539197608719587,2105.944705123048,0.2791666666666667,10805.19966162858,3.0920859796997813,0.6541666666666667,24061.411183848104,8.566713727144512,0.825,34043.65673684135,12.49995253970241,0.9208333333333333,41875.33914514523,15.011461271101867
main,arx,adaptive,2024-01,8654.284815573641,227926188.04962337,4242.175042329563,1.1187448036821022,1.6842939810663617,2121.087521164782,0.42083333333333334,12272.950542397208,3.422632943447046,0.7458333333333333,24805.065132280215,8.904594602388038,0.8458333333333333,35036.32910628415,12.983001198630804,0.9125,41986.04123667081,15.249517752842845
main,arx,adaptive,2024-02,7332.886940985976,156442888.16456643,3339.9091924065465,0.8878798994154418,1.35383380246741,1669.9545962032735,0.5555555555555556,13250.21456929755,3.708338164940024,0.8703703703703703,24948.00040718231,9.158157060497311,0.9722222222222222,34638.33843371706,13.21870751879931,1.0,40821.01894121767,15.444447173579057
main,arx,adaptive,2024-03,3858.3142116854174,44870983.60014746,2070.982147270196,0.7784581304109601,1.1527535539466942,1035.4910736350982,0.8104838709677419,10041.841634634313,3.3706724534664154,0.9798387096774194,20010.04881561968,8.4783701345499,0.9919354838709677,27976.10688328971,12.28051825914798,1.0,33740.05123779568,14.498995641674492
main,arx,adaptive,2024-04,3802.286254851301,67913030.74907272,2014.3811272230844,0.7040172939798803,0.9228964161233261,1007.1905636115423,0.7416666666666667,6699.061240383145,2.8719201586650214,0.9708333333333333,15995.635725559234,7.835039734546327,0.9958333333333333,24065.675072178212,11.611941781065962,0.9958333333333333,29744.03129632538,13.744509980458057
main,arx,adaptive,2024-05,9116.58683457647,426878304.8180626,5510.548300497312,1.298774580176458,2.0336980122777724,2755.274150248656,0.4625,5590.395536921365,2.6747350429156667,0.6875,14509.351164956819,7.556302268644117,0.8,22507.141493516123,11.269723569389178,0.8833333333333333,29363.791183641,13.415669068194951
main,arx,adaptive,2024-06,3596.67345322752,40906329.742092356,2030.9581293877118,1.424348893025742,2.588741486074079,1015.479064693856,0.5875,7100.144544455017,2.861832395270919,0.8666666666666667,17111.269458789477,7.837385524783551,0.9833333333333333,27094.041266514796,11.674973910692632,0.9916666666666667,34963.57165072409,14.01839987308329
main,arx,adaptive,2024-07,2240.0587839411287,25722487.60892979,1441.3356304332194,0.8472358772796248,1.2090609857478856,720.6678152166098,0.7338709677419355,4401.610467321104,2.503806481353555,0.9112903225806451,13687.80860398547,8.052360575622627,0.9717741935483871,23012.384229776897,11.1753630303069,0.9798387096774194,31382.64771156505,13.871688197978429
main,arx,adaptive,2024-08,2888.7250235450265,54007744.60271379,1590.019335881379,0.6515843896568418,0.8164580967686621,795.0096679406896,0.675,2653.1799269772014,2.1833117344611415,0.9166666666666666,10473.590831236445,7.339770519564666,0.9833333333333333,18997.25276002821,10.621337942633973,0.9958333333333333,26666.46408428002,13.249485035496521
main,arx,adaptive,2024-09,6886.290670296001,290166785.8486287,4147.997813560434,0.9982988520736199,1.4282536177746106,2073.998906780217,0.5431034482758621,4170.535677538376,2.2903677046465165,0.8103448275862069,12111.333847822392,7.1903594974232385,0.8836206896551724,19629.615349057236,10.687063779415224,0.9224137931034483,25639.632014401963,12.69891081577742
main,arx,adaptive,2024-10,7345.7620017867785,248290391.37969452,3810.001745486409,0.9245609037675936,1.306886623096835,1905.0008727432046,0.4482758620689655,6148.21283034977,2.4529153702418793,0.7068965517241379,15616.736760261718,7.348650795874739,0.8275862068965517,23181.929412303027,11.05115365721214,0.9482758620689655,32120.106518173314,13.416971373568924
main,arx,adaptive,2024-11,8077.579083491963,280082041.324494,3999.075882217533,1.0077349475344775,1.4587743715894257,1999.5379411087667,0.41517857142857145,8552.356011013555,2.7404785302827546,0.6830357142857143,17440.21110165117,7.55794709753591,0.78125,26222.66073624991,11.406930220600659,0.8928571428571429,36887.953573849096,14.056707432236196
main,arx,adaptive,2024-12,11961.153913569231,527046940.23292685,5939.308170231565,1.2073565770769927,1.8698249572534706,2969.6540851157824,0.3146551724137931,11934.560699392783,3.2288232163010204,0.5905172413793104,22601.13519464561,8.229631066618625,0.771551724137931,32155.566286636134,12.155700209176922,0.8836206896551724,39833.02026680718,14.52945138284041
main,arx,raw,2023-10,9588.337538059319,353917210.8134519,5427.067928475163,1.1126831438657407,1.8539629999929346,2713.5339642375816,0.4666666666666667,4437.5606264089965,2.1347116462784976,0.6166666666666667,13003.774498053855,6.958635687942076,0.7625,21183.361006914776,10.63295484996184,0.8375,26238.896267318345,12.541521097957245
main,arx,raw,2023-11,7909.82363708557,305687247.9953703,4503.706036556687,1.0708299295518557,1.4846897091362847,2251.853018278344,0.3173076923076923,4894.730002654842,2.231470224266173,0.5721153846153846,13540.162076077579,7.094661010349612,0.6682692307692307,21600.534393077633,10.773498202613531,0.7836538461538461,26683.290641815038,12.704220394051458
main,arx,raw,2023-12,8751.822229406322,297125918.35226464,5685.514327107877,1.2605609074972728,1.539197608719587,2842.7571635539393,0.1375,5307.571558831346,2.3012615436284616,0.25833333333333336,14351.888026285225,7.220434861503603,0.3458333333333333,22830.091945624623,10.952100214883346,0.4125,28188.507693191365,12.927753027926673
main,arx,raw,2024-01,8654.284815573641,227926188.04962337,4902.854548499811,1.2974221843270266,1.6842939810663617,2451.427274249906,0.15416666666666667,5335.491356466781,2.3086942491539233,0.30833333333333335,14481.342181926275,7.240755503097437,0.43333333333333335,23249.53385070958,10.997079370174589,0.525,28728.596201575238,12.988282501084848
main,arx,raw,2024-02,7332.886940985976,156442888.16456643,4330.675772233789,1.0900355167876488,1.35383380246741,2165.337886116895,0.14814814814814814,5181.168093357371,2.2834742310599934,0.30092592592592593,14179.437405449873,7.201945000369939,0.3888888888888889,22681.771851805745,10.936755864315396,0.5,28115.53008987857,12.923940786820312
main,arx,raw,2024-03,3858.3142116854174,44870983.60014746,2019.9905559454373,0.8403344332419249,1.1527535539466942,1009.9952779727187,0.2862903225806452,4755.906947667022,2.2350206523943212,0.5241935483870968,13273.338809004297,7.1069961036567575,0.6088709677419355,21086.131512272965,10.776792922715188,0.6733870967741935,26147.933810242408,12.720523037253832
main,arx,raw,2024-04,3802.286254851301,67913030.74907272,2070.501772170483,0.7465010177981941,0.9228964161233261,1035.2508860852417,0.37916666666666665,3990.8993376289873,2.1204368058735703,0.65,12025.522825993034,6.9335627424435025,0.7083333333333334,19726.59402422594,10.582362714757135,0.7666666666666667,24688.241764400704,12.505168733378436
main,arx,raw,2024-05,9116.58683457647,426878304.8180626,5817.377319753123,1.373430682970731,2.0336980122777724,2908.6886598765614,0.24583333333333332,4262.246891542901,2.1511101822760894,0.45416666666666666,12747.497531411174,7.0116698192191365,0.5541666666666667,20785.994714421056,10.696164204970646,0.65,25902.375941161394,12.636834126653433
main,arx,raw,2024-06,3596.67345322752,40906329.742092356,1997.2906253701965,1.4645443023998992,2.588741486074079,998.6453126850985,0.35833333333333334,5110.684100916908,2.27642028771893,0.5791666666666667,13728.449036257163,7.147697454192243,0.7333333333333333,21855.40845266312,10.83696747295697,0.7791666666666667,26870.61942887489,12.769051599375254
main,arx,raw,2024-07,2240.0587839411287,25722487.60892979,1370.5762280341976,0.8755689883095134,1.2090609857478856,685.2881140170989,0.47580645161290325,3502.748584283973,2.05750473227408,0.657258064516129,11431.601551898824,6.86322243401239,0.7258064516129032,19075.45052520625,10.506166999925165,0.782258064516129,24004.319470983028,12.423976393780826
main,arx,raw,2024-08,2888.7250235450265,54007744.60271379,1645.0780891312493,0.6474000897539584,0.8164580967686621,822.5390445656247,0.44583333333333336,2191.810615834198,1.8760285358732058,0.7916666666666666,9187.970207980408,6.586142690185238,0.875,16743.86782585674,10.209950835013059,0.9083333333333333,21647.3350278861,12.108849387629151
main,arx,raw,2024-09,6886.290670296001,290166785.84862876,4221.467754291482,1.0017960050835188,1.4282536177746106,2110.733877145741,0.4267241379310345,3647.142551842045,2.066618242026051,0.7543103448275862,11667.968525539412,6.8574353046146355,0.8405172413793104,19433.877326405294,10.500307457476792,0.8793103448275862,24431.90030906878,12.411223369408784
main,arx,raw,2024-10,7345.7620017867785,248290391.3796945,4120.106744554443,0.9568298371642356,1.306886623096835,2060.053372277222,0.3706896551724138,4908.259721031449,2.24770652412989,0.5948275862068966,13599.414165801707,7.118483890253136,0.7155172413793104,21960.14875036956,10.828428518092156,0.7974137931034483,27094.490193503567,12.76080922486275
main,arx,raw,2024-11,8077.579083491963,280082041.324494,4469.848218238965,1.0736135119643202,1.4587743715894257,2234.9241091194826,0.3392857142857143,5030.964828821547,2.2709512724332126,0.5580357142857143,13825.012456036566,7.159235697657534,0.6339285714285714,22096.194712595123,10.86476996184331,0.7232142857142857,27226.52732131555,12.80885297950725
main,arx,raw,2024-12,11961.153913569231,527046940.2329269,7511.36057035269,1.3804803110138892,1.8698249572534706,3755.680285176345,0.15948275862068967,5350.97525178619,2.3057077093161746,0.3232758620689655,14526.346519863679,7.2380833935556375,0.4525862068965517,23334.821804137424,11.001193300284644,0.5732758620689655,28794.851127398993,12.984975955406473
main,arx,rolling,2023-10,9588.337538059319,353917210.8134519,4799.449246236153,1.082026767828362,1.8539629999929346,2399.7246231180766,0.5041666666666667,5391.286679643046,2.328478877819158,0.725,15957.513319016209,7.327991912924959,0.8708333333333333,25998.42466611347,11.194039149448862,0.95,36033.01240529967,16.731596653960707
main,arx,rolling,2023-11,7909.82363708557,305687247.9953703,4164.956461649446,1.0280702906963706,1.4846897091362847,2082.4782308247236,0.3605769230769231,6334.499221246831,2.444197376772913,0.7115384615384616,17587.027734438223,7.5985105077643915,0.9038461538461539,28226.398784925914,11.551140103750477,0.9423076923076923,35648.93550782062,14.039573153064577
main,arx,rolling,2023-12,8751.822229406322,297125918.35226464,4283.940008235346,1.0484644150769673,1.539197608719587,2141.9700041176734,0.25,9560.0912274156,2.888501150486562,0.5625,22870.228706289876,8.359855459582532,0.7833333333333333,33029.104634570984,12.324021721617203,0.9041666666666667,41585.68730944021,14.900046884357925
main,arx,rolling,2024-01,8654.284815573641,227926188.04962337,4274.561631484253,1.131995607648771,1.6842939810663617,2137.280815742127,0.3541666666666667,11039.841313268533,3.2074134093295097,0.6875,23568.003762610468,8.649349838704733,0.8041666666666667,33881.31970485507,12.710206144537525,0.8708333333333333,41327.12250298759,15.036664498298048
main,arx,rolling,2024-02,7332.886940985976,156442888.16456643,3337.5501013632306,0.8867027392264027,1.35383380246741,1668.7750506816153,0.46296296296296297,11650.921928315642,3.432074050403282,0.7916666666666666,23910.395906690657,8.872861121136767,0.9444444444444444,33651.051100276636,12.943417219421697,0.9953703703703703,40943.044274379405,15.315624804279222
main,arx,rolling,2024-03,3858.3142116854174,44870983.60014746,2050.9388104769387,0.7730145596985484,1.1527535539466942,1025.4694052384696,0.7298387096774194,9473.406081424073,3.2543294495404016,0.9637096774193549,19758.908291793152,8.381661756658165,0.9919354838709677,27884.02782846461,12.194912524657232,1.0,33812.58467930355,14.402196191721996
main,arx,rolling,2024-04,3802.286254851301,67913030.74907272,2021.3458588969297,0.703613623913478,0.9228964161233261,1010.6729294484651,0.7333333333333333,6635.971514430191,2.8383116027184885,0.9666666666666667,16495.30536977344,7.861487849858106,0.9958333333333333,24525.77623049299,11.639893637307608,0.9958333333333333,30461.25084382232,13.764169826376708
main,arx,rolling,2024-05,9116.58683457647,426878304.8180626,5408.925844664548,1.2905431683708277,2.0336980122777724,2704.462922332274,0.4583333333333333,5480.953174581877,2.6464077926959684,0.7041666666666667,15207.701773971585,7.611731131997015,0.8083333333333333,23335.736532631574,11.337101409846646,0.9083333333333333,31368.832085438273,13.53521096067494
main,arx,rolling,2024-06,3596.67345322752,40906329.742092356,2012.300367743849,1.4258614004718053,2.588741486074079,1006.1501838719246,0.55,6599.389779062317,2.7901023008613857,0.8625,16889.969193628927,7.775147855925597,0.9833333333333333,25979.21072915481,11.569402583909651,0.9916666666666667,34747.29744133304,13.91678251934702
main,arx,rolling,2024-07,2240.0587839411287,25722487.60892979,1437.4555839148945,0.8398575825864659,1.2090609857478856,718.7277919574474,0.7016129032258065,4256.581598895098,2.4735630495256316,0.9153225806451613,13847.404959052878,7.534433165416309,0.9798387096774194,22520.97829436421,11.145327111698117,0.9838709677419355,31652.13864368667,13.738508475753925
main,arx,rolling,2024-08,2888.7250235450265,54007744.60271379,1597.1738781175893,0.6452457174430641,0.8164580967686621,798.5869390587948,0.6708333333333333,2637.3531547499447,2.1774546999907702,0.925,10890.293649928719,7.1207219558493655,0.9833333333333333,19130.10800909619,10.651518872939857,0.9958333333333333,27671.795614049544,13.155544523680312
main,arx,rolling,2024-09,6886.290670296001,290166785.8486287,4138.565982284576,0.9957581711764029,1.4282536177746106,2069.282991142288,0.5344827586206896,4069.749738878184,2.2811859180126675,0.8146551724137931,12273.340549598544,7.1504799297434465,0.8879310344827587,19686.44526076721,10.711232931084906,0.9310344827586207,25871.489895110702,12.72097103625224
main,arx,rolling,2024-10,7345.7620017867785,248290391.37969452,3836.376948007893,0.925968050641379,1.306886623096835,1918.1884740039468,0.4353448275862069,5726.623170114797,2.417293436571527,0.7198275862068966,15412.201588155398,7.363319556866943,0.853448275862069,23133.90048714686,11.086278260317886,0.9482758620689655,32161.047699095823,13.433194226289116
main,arx,rolling,2024-11,8077.579083491963,280082041.324494,4020.4099328450875,1.0060034155005855,1.4587743715894257,2010.2049664225437,0.38392857142857145,7645.598240180393,2.629258392399833,0.6919642857142857,17500.992474548122,7.622581350163935,0.7991071428571429,25811.860725070146,11.437225618659765,0.9017857142857143,37454.36843503353,14.120127901297604
main,arx,rolling,2024-12,11961.153913569231,527046940.23292685,6066.703665837094,1.2155616871077606,1.8698249572534706,3033.3518329185476,0.27155172413793105,9973.839097182821,2.971141650723226,0.5948275862068966,21628.806064791283,8.15885802875952,0.771551724137931,31670.97188310898,12.152919777486625,0.896551724137931,40627.9822520511,14.594385046763447
main,arx,static,2023-10,9588.337538059319,353917210.8134519,4904.5409407959505,1.089581517254977,1.8539629999929346,2452.2704703979753,0.5041666666666667,5110.346070922791,2.3183648078041177,0.7125,14777.238637150947,7.244010527655961,0.8625,24669.796684663783,11.079206532229481,0.9458333333333333,35018.53325635692,16.611396015916167
main,arx,static,2023-11,7909.82363708557,305687247.9953703,4272.007449086576,1.0509296663571441,1.4846897091362847,2136.003724543288,0.375,5546.736182466774,2.449071363842459,0.7163461538461539,15229.936495354874,7.419386815064723,0.8894230769230769,24665.796738044533,11.237494789338797,0.9423076923076923,34867.08045267136,16.773647784715727
main,arx,static,2023-12,8751.822229406322,297125918.35226464,4992.413923306508,1.1600520637882874,1.539197608719587,2496.206961653254,0.16666666666666666,6023.989975695166,2.5367033421792113,0.37083333333333335,16403.0839130626,7.613256648325858,0.5666666666666667,26864.32375505015,11.546899903839757,0.7541666666666667,37648.112318015905,17.17023865840562
main,arx,static,2024-01,8654.284815573641,227926188.04962337,4613.241648929284,1.2127958886174448,1.6842939810663617,2306.620824464642,0.19166666666666668,6084.424674151928,2.5517963146879667,0.425,16821.9061581061,7.663053774702503,0.6166666666666667,27405.434280587193,11.619991771116615,0.8333333333333334,38174.18230561217,17.287420292967628
main,arx,static,2024-02,7332.886940985976,156442888.16456643,3880.2104854065433,1.0045419185534683,1.35383380246741,1940.1052427032716,0.18981481481481483,5868.812960506192,2.5215153272668203,0.4212962962962963,16263.605661109208,7.598853810776291,0.5925925925925926,26941.435976530174,11.551685612606729,0.8240740740740741,38011.60050923089,17.21163088187904
main,arx,static,2024-03,3858.3142116854174,44870983.60014746,2020.268608826114,0.7999414625361345,1.1527535539466942,1010.1343044130571,0.3346774193548387,5267.1499175590125,2.4645358063964977,0.6612903225806451,14741.12156502945,7.463393556062895,0.7661290322580645,24076.664706924792,11.302619418655798,0.9112903225806451,34311.93800051495,16.85649645144808
main,arx,static,2024-04,3802.286254851301,67913030.74907272,2004.79026039429,0.7208790598379118,0.9228964161233261,1002.3951301971451,0.4666666666666667,4487.166260747102,2.33894495184248,0.7416666666666667,13394.737759988642,7.2555729690920385,0.8666666666666667,22632.084785434916,11.070897165890296,0.9541666666666667,32773.49962709442,16.597032917377845
main,arx,static,2024-05,9116.58683457647,426878304.8180626,5187.132403044425,1.2893234652772774,2.0336980122777724,2593.5662015222124,0.3,4824.78994090025,2.3753017597112067,0.5791666666666667,14393.72781896794,7.361211385010653,0.7291666666666666,24378.625960326794,11.23717096991945,0.8916666666666667,35099.3080762549,16.8215315401984
main,arx,static,2024-06,3596.67345322752,40906329.742092356,2007.8231970771842,1.450131964417753,2.588741486074079,1003.9115985385922,0.42083333333333334,5786.3997895543935,2.5164165597810437,0.7083333333333334,15450.850183954384,7.505065548808813,0.925,24935.677665608175,11.34086469555563,0.9833333333333333,35076.56545107279,16.86247674337505
main,arx,static,2024-07,2240.0587839411287,25722487.60892979,1426.3553774604986,0.8488170622003954,1.2090609857478856,713.1776887302493,0.5403225806451613,3965.5111491997895,2.278455079277848,0.7620967741935484,12754.511819150124,7.18480770485967,0.8991935483870968,21925.030569319268,10.97928584700154,0.9435483870967742,32024.494640917936,16.491145019925415
main,arx,static,2024-08,2888.7250235450265,54007744.60271379,1609.5508655258452,0.6569646550002922,0.8164580967686621,804.7754327629227,0.5666666666666667,2588.128940879919,2.0679210931461447,0.9,10424.497420904378,6.847694521876151,0.9666666666666667,19548.31949001667,10.621465962098405,0.9916666666666667,29642.128306222814,16.128882329754187
main,arx,static,2024-09,6886.290670296001,290166785.8486287,3938.5083084742287,0.9978546681278226,1.4282536177746106,1969.2541542371143,0.5086206896551724,4172.403864411765,2.25498762007932,0.8189655172413793,13085.242074564001,7.127435871185302,0.896551724137931,22326.049842200944,10.914935604297188,0.9353448275862069,32515.482132609057,16.438203407513292
main,arx,static,2024-10,7345.7620017867785,248290391.37969452,3835.685765335312,0.9431218090043708,1.306886623096835,1917.842882667656,0.4525862068965517,5600.1209798804175,2.4614926675686837,0.7370689655172413,15471.625942514042,7.436102862101539,0.896551724137931,25321.55304557062,11.288647288528693,0.9612068965517241,35693.34790095899,16.846785244980087
main,arx,static,2024-11,8077.579083491963,280082041.324494,4147.953079503719,1.032983364933652,1.4587743715894257,2073.9765397518595,0.39285714285714285,5730.170592802469,2.5004660225068673,0.6473214285714286,15668.84750844379,7.508854044471897,0.7946428571428571,25407.299695312733,11.374645476551894,0.9330357142857143,35741.830241917625,16.932675286315142
main,arx,static,2024-12,11961.153913569231,527046940.23292685,6577.0710998832255,1.2914383458783223,1.8698249572534706,3288.5355499416128,0.20689655172413793,6097.627697092173,2.5399970320539644,0.47413793103448276,16856.75581041302,7.641981660898351,0.6551724137931034,28245.60235438518,11.648830775565262,0.8405172413793104,39827.02199882713,17.340110744621782
main,gru,adaptive,2023-10,8806.321888504823,310821028.25082153,4231.788453853159,0.90364250852164,1.7627537150039323,2115.8942269265794,0.5541666666666667,7604.857735238895,1.1169506256496013,0.7916666666666666,16289.032536674435,3.880474682371433,0.9125,25756.010472831265,6.695705807766435,0.9708333333333333,38362.81076128642,12.652832896454742
main,gru,adaptive,2023-11,7296.350692603772,269236226.05096006,4111.428125235584,0.7614008441954975,1.3132167719135543,2055.714062617792,0.6009615384615384,7267.1617522876995,1.1500714723383276,0.8221153846153846,15753.235671241868,3.019246912854252,0.8990384615384616,24637.524909452295,5.126762193740861,0.9326923076923077,31786.020301999357,7.348671190994765
main,gru,adaptive,2023-12,7375.969235118795,265545399.7881089,4340.554148899058,0.7274798281719682,1.1251712637753293,2170.277074449529,0.6291666666666667,8210.004347452055,1.2301152360430767,0.8791666666666667,17428.68035539522,3.030130033501717,0.9166666666666666,27547.041072401047,4.744029479759119,0.9291666666666667,37032.87316050068,7.285042898532961
main,gru,adaptive,2024-01,9387.203806948582,283168924.12089497,4681.804684159527,0.8027226628003565,1.526865490142078,2340.9023420797635,0.5625,11046.655081220257,1.7072864880044907,0.7875,20059.80346864283,3.3226684322334497,0.8666666666666667,32377.685973034808,5.435825792428785,0.9666666666666667,49325.18388781184,8.748069952889038
main,gru,adaptive,2024-02,7161.489116552649,162035110.72376174,3284.5542334282577,0.5194125608297064,1.0478204856418354,1642.2771167141293,0.6064814814814815,10263.81168932912,1.5105183510124593,0.8842592592592593,18863.91372404143,3.116064063990319,0.9444444444444444,31375.040884276983,5.4025724583800825,0.9953703703703703,42307.44756829014,7.4523456171604
main,gru,adaptive,2024-03,5049.048666618293,65630374.38662345,2512.792212843407,0.676955104530681,1.0937015281746383,1256.3961064217035,0.6895161290322581,12317.042843556095,2.048785597124177,0.9314516129032258,20063.84363271813,3.7445311953700036,0.9798387096774194,30598.14897913256,5.994478742477638,0.9879032258064516,39653.28381479017,7.734535944500477
main,gru,adaptive,2024-04,3784.2317823705175,64925760.09541062,2081.1184225166076,0.483622677399751,0.896067743995513,1040.559211258304,0.7041666666666667,8057.234941581034,1.689320275910581,0.9291666666666667,13123.357159144938,3.0402224388270755,0.9625,19872.360326572736,4.705397812082444,0.9791666666666666,26647.02040923055,6.277031675314948
main,gru,adaptive,2024-05,7825.257993477136,359714183.8711215,4803.9646075733535,1.2541437122244568,1.9190457509156218,2401.9823037866768,0.5375,6592.733014180431,1.5405407551182408,0.8333333333333334,11807.858277255058,2.834096310753433,0.8791666666666667,17845.04838391765,4.239818952971821,0.9041666666666667,25409.570033782325,6.493711216435149
main,gru,adaptive,2024-06,3420.3985499649443,45823304.65203487,1945.267107466268,1.802422234232434,2.5363776820525814,972.6335537331341,0.65,5576.801926993568,1.4971959084521915,0.8416666666666667,10361.322941782832,2.7074544749210174,0.9125,17813.474889141085,5.085347693959126,0.9583333333333334,29855.019387219745,9.297064886948304
main,gru,adaptive,2024-07,1989.4256226664493,21156799.11862017,1158.8998030285134,0.8212167778932201,1.0938655957367296,579.4499015142568,0.7419354838709677,3188.2294746592734,1.0292691266773464,0.9112903225806451,6810.872940838722,3.530606487202048,0.9717741935483871,12356.399356339361,6.100022744480266,0.9798387096774194,21800.572613581997,10.790086218413395
main,gru,adaptive,2024-08,2575.8816005916397,48126175.6059365,1543.1623653024083,0.5542458573115963,0.7516694025746844,771.5811826512042,0.7208333333333333,2278.9152989454496,0.6702188465968929,0.8541666666666666,5553.189708356857,3.121833043151163,0.925,9362.662687444687,5.0037733705839615,0.9708333333333333,16768.700754356385,9.179015281731141
main,gru,adaptive,2024-09,6624.260300519528,268757210.47640234,4013.223130664932,0.8968175149676145,1.453305487502782,2006.6115653324662,0.5043103448275862,4229.0975441529135,0.7138797588784552,0.8146551724137931,9240.467727572846,2.425551659317833,0.8706896551724138,14155.939100864345,4.808918917786477,0.9267241379310345,21425.64478669331,8.80734310541237
main,gru,adaptive,2024-10,6942.530914268653,228297184.4374502,3532.1649860053167,0.6503495276183,1.2332331507718102,1766.0824930026583,0.5431034482758621,5663.271107750527,0.8627646359955407,0.7543103448275862,11678.518428137693,2.0998413861178005,0.896551724137931,17771.01669485092,3.4431067607489276,0.9655172413793104,30242.933991809055,6.678339556949127
main,gru,adaptive,2024-11,7151.4436807514085,220931356.47942093,3532.24168657535,0.6408379233278267,1.24810278747578,1766.1208432876751,0.59375,8404.886516264422,1.3381285510350638,0.8080357142857143,17273.203877630007,2.946452728838565,0.8973214285714286,25823.63064073134,4.480076193046146,0.9642857142857143,39328.97366103616,7.496112846505379
main,gru,adaptive,2024-12,13071.595095865192,641633695.5137316,7157.037702016651,1.0513078947588486,1.9568663699729827,3578.5188510083253,0.44396551724137934,9117.7212925816,1.418138465069714,0.6681034482758621,18428.907052773975,2.979380785400715,0.7974137931034483,25794.062602171038,4.2848298354843415,0.8922413793103449,35584.744614058036,6.241981623842637
main,gru,raw,2023-10,8806.321888504823,310821028.2508215,4482.72339234922,1.0399925359881141,1.7627537150039323,2241.36169617461,0.55,7557.7302148088065,1.0858903507104054,0.725,14250.024612182553,2.2473034549094657,0.825,20027.898207002818,3.3485405731409443,0.8875,26169.804225031534,4.535229514361486
main,gru,raw,2023-11,7296.350692603772,269236226.05096,4196.409965810399,0.7918822821824102,1.3132167719135543,2098.2049829051994,0.5865384615384616,7249.737673656298,1.0855013876407376,0.7884615384615384,13785.307807928268,2.246642127616433,0.8701923076923077,19012.706711292267,3.2754644183875685,0.9086538461538461,24448.4863986632,4.364307856680478
main,gru,raw,2023-12,7375.969235118795,265545399.7881089,4595.669860381257,0.7460741154572176,1.1251712637753293,2297.8349301906287,0.5333333333333333,7217.497397515824,1.0565461299166818,0.8125,13643.415129789095,2.1336245953521216,0.8958333333333334,18901.30294956525,3.1245210666560084,0.9083333333333333,24303.38160166343,4.173170942535507
main,gru,raw,2024-01,9387.203806948582,283168924.12089497,5011.075290788429,0.8520759311904287,1.526865490142078,2505.537645394215,0.5166666666666667,9326.751502497302,1.4889885645115684,0.7083333333333334,17551.247931682865,2.9155700552727755,0.7958333333333333,23891.206893186838,4.112015686713769,0.8708333333333333,30176.38335074951,5.336594051697145
main,gru,raw,2024-02,7161.489116552649,162035110.72376174,3489.4367028609163,0.5461531512415826,1.0478204856418354,1744.7183514304586,0.5046296296296297,7632.533332490893,1.1853800985985787,0.7222222222222222,14901.591460935633,2.4960447098494845,0.8379629629629629,20298.042825583176,3.5683456414338592,0.9074074074074074,25439.05978059592,4.634332677840238
main,gru,raw,2024-03,5049.048666618293,65630374.38662345,2403.581412606329,0.6508593082142378,1.0937015281746383,1201.7907063031646,0.5806451612903226,9338.517303127626,1.715314162799609,0.842741935483871,17352.726439387952,3.33708358132076,0.9314516129032258,23454.17356984692,4.670289852380152,0.967741935483871,29623.465954011488,6.049139284666468
main,gru,raw,2024-04,3784.2317823705175,64925760.09541062,2081.4244172402846,0.4828413251107833,0.8960677439955131,1040.7122086201423,0.6333333333333333,6360.033714790288,1.5297992684010262,0.8875,11976.232330500981,2.896751464788251,0.9333333333333333,16999.056714601516,4.138873234004351,0.9625,22235.928300491967,5.440538546549747
main,gru,raw,2024-05,7825.257993477136,359714183.8711215,4906.047510357911,1.2743472376145697,1.9190457509156218,2453.023755178956,0.49583333333333335,6008.609925351391,1.473575685003791,0.8291666666666667,11301.67929175377,2.7811207011467745,0.8708333333333333,16087.1826177756,3.966281357557712,0.9,21103.178173329037,5.208220650124129
main,gru,raw,2024-06,3420.3985499649443,45823304.65203487,1972.9645213934139,2.0307301596395693,2.5363776820525814,986.482260696707,0.5916666666666667,5343.5048364271315,1.4235556974185128,0.8416666666666667,10001.06214199086,2.6452370833732077,0.875,14268.298330936432,3.764211923768857,0.8916666666666667,18761.510321979524,4.93757236435842
main,gru,raw,2024-07,1989.4256226664493,21156799.11862017,1117.3648790660286,0.8079237484006953,1.0938655957367296,558.6824395330143,0.6693548387096774,3148.586969576716,0.9795372407120189,0.9032258064516129,6328.957408667284,1.9368813637107123,0.9475806451612904,9367.425950810217,2.8436723054855415,0.9556451612903226,12547.40153449274,3.7925052375383754
main,gru,raw,2024-08,2575.8816005916397,48126175.6059365,1570.5833001716214,0.4731285819969038,0.7516694025746844,785.2916500858108,0.6958333333333333,2272.552773246927,0.6487815883112353,0.85,5171.03599111557,1.5123019343651067,0.9083333333333333,8211.419780728022,2.382484253608047,0.95,11468.207940305076,3.306651921645594
main,gru,raw,2024-09,6624.260300519528,268757210.47640234,4092.690486004362,0.922063445399678,1.453305487502782,2046.345243002181,0.4956896551724138,4227.297547127152,0.706426064208091,0.7586206896551724,8490.63244650184,1.6489268220393447,0.8275862068965517,12621.375584992045,2.5952400213475615,0.8922413793103449,17033.364579743353,3.604198567288003
main,gru,raw,2024-10,6942.530914268654,228297184.4374502,3767.024432609883,0.693633648093564,1.2332331507718102,1883.5122163049416,0.5301724137931034,5617.1356510459345,0.853011281095958,0.7327586206896551,10653.356620418923,1.8756870263311933,0.8448275862068966,15036.499342786854,2.8374504520496626,0.9224137931034483,19691.809240002465,3.860278531593421
main,gru,raw,2024-11,7151.4436807514085,220931356.47942093,3596.55655038215,0.6698267759613571,1.24810278747578,1798.278275191075,0.5714285714285714,7871.039157127695,1.205739350998876,0.7633928571428571,15324.13963188762,2.4997512655550618,0.8482142857142857,21433.763912600065,3.670270116602814,0.9107142857142857,27740.56501389742,4.9008263107858285
main,gru,raw,2024-12,13071.595095865192,641633695.5137316,7835.06561107958,1.1795911809493416,1.9568663699729827,3917.5328055397904,0.40086206896551724,8215.170247594036,1.2002568194798866,0.5732758620689655,15714.5126979261,2.4036331641949347,0.6982758620689655,21550.224119510116,3.448543507007737,0.771551724137931,27345.243769482087,4.524718786125683
main,gru,rolling,2023-10,8806.321888504823,310821028.25082153,4234.130601598764,0.9032812165464132,1.7627537150039323,2117.0653007993824,0.55,7584.662600389346,1.1060231373873723,0.7916666666666666,15998.46645805098,3.9332156075209235,0.9166666666666666,25694.76760029302,6.818907494519185,0.9708333333333333,38045.00791460673,12.606671941298515
main,gru,rolling,2023-11,7296.350692603772,269236226.05096006,4094.3243184881026,0.760608046335142,1.3132167719135543,2047.1621592440513,0.5961538461538461,7256.935341951938,1.1129780998399226,0.8269230769230769,15132.238567059258,2.9945829388486684,0.9086538461538461,24472.163856124876,5.426573930683121,0.9326923076923077,32913.19992326154,7.6395671048202765
main,gru,rolling,2023-12,7375.969235118795,265545399.7881089,4343.529869353005,0.7368685180949596,1.1251712637753293,2171.764934676503,0.6125,7878.151787177295,1.1669702459428124,0.8791666666666667,16928.518930219234,3.057057327090479,0.9166666666666666,25986.643123914717,5.200334036586238,0.9291666666666667,34981.66927950525,7.015181667996736
main,gru,rolling,2024-01,9387.203806948582,283168924.12089497,4743.3102572757,0.8194028773956642,1.526865490142078,2371.65512863785,0.55,10635.238598897562,1.6525287117879883,0.7833333333333333,19682.91358512779,3.3235221472399537,0.8625,31172.640647559754,5.467478386707343,0.9583333333333334,46392.2956207646,8.885850129346318
main,gru,rolling,2024-02,7161.489116552649,162035110.72376174,3274.621508148847,0.5166311220238304,1.0478204856418354,1637.3107540744236,0.5972222222222222,9573.766983295342,1.4115394378268211,0.8564814814814815,17954.017105323743,3.0013767339249853,0.9490740740740741,29113.001855757502,5.047086632910469,0.9953703703703703,42338.596171346595,7.403692092336413
main,gru,rolling,2024-03,5049.048666618293,65630374.38662345,2507.001110726359,0.6744757471670624,1.0937015281746383,1253.5005553631797,0.657258064516129,11628.439021474316,1.9775907804892006,0.9233870967741935,19788.934488818722,3.703040872884998,0.9798387096774194,30327.1509712533,5.904618816266403,0.9879032258064516,40217.62988302416,7.742650416508913
main,gru,rolling,2024-04,3784.2317823705175,64925760.09541062,2066.8920284170213,0.4853512279985742,0.896067743995513,1033.4460142085106,0.7041666666666667,7734.234321311259,1.6623686979091923,0.9291666666666667,13357.030224090735,3.0941735705869298,0.9625,20744.837395731607,4.845963506752678,0.9791666666666666,27790.25353675334,6.8062496689935985
main,gru,rolling,2024-05,7825.257993477136,359714183.8711215,4721.017854139898,1.2214398135759845,1.9190457509156218,2360.508927069949,0.5291666666666667,6537.264848358085,1.5257528866588383,0.8333333333333334,11877.285557840984,2.8433586172830627,0.8791666666666667,17964.438706717174,4.36454666183599,0.9166666666666666,26340.623669017157,7.376530508882477
main,gru,rolling,2024-06,3420.3985499649443,45823304.65203487,1952.9665023256023,1.8316445667996393,2.5363776820525814,976.4832511628013,0.6375,5518.506960221091,1.4728156135517223,0.8416666666666667,10394.33513078328,2.722661524137381,0.9,17079.544644711812,4.881886644179376,0.9541666666666667,29721.697650979357,10.009708064452171
main,gru,rolling,2024-07,1989.4256226664493,21156799.11862017,1158.1301000387543,0.7876121350049486,1.0938655957367296,579.0650500193772,0.7137096774193549,3175.9874009357345,1.0172387136538992,0.9153225806451613,6857.2542236143545,3.5360581263714694,0.967741935483871,12817.440510493247,5.814217818716723,0.9879032258064516,22786.35148781069,11.052166178965026
main,gru,rolling,2024-08,2575.8816005916397,48126175.6059365,1521.895874833674,0.5377920937373307,0.7516694025746844,760.9479374168371,0.7208333333333333,2277.957861638807,0.6669588142275469,0.8541666666666666,5591.114351209005,3.2280672597817595,0.925,9815.639124498366,5.05245125611161,0.9875,17711.86699657949,9.844072025414581
main,gru,rolling,2024-09,6624.260300519528,268757210.47640234,4025.4461032578083,0.8995582385469522,1.453305487502782,2012.7230516289042,0.5043103448275862,4228.774569909689,0.7124873948998451,0.8232758620689655,9086.640524469913,2.7102794869469955,0.8793103448275862,14357.305855259401,5.059542787865119,0.9267241379310345,20541.19774019636,8.205811920545035
main,gru,rolling,2024-10,6942.530914268653,228297184.4374502,3530.6302060424805,0.6534380632103918,1.2332331507718102,1765.3151030212407,0.5387931034482759,5639.005486978398,0.856837821512232,0.7543103448275862,11670.895438356873,2.1725718877741986,0.9137931034482759,18374.127185698544,3.924040508580643,0.9612068965517241,29367.09701523419,6.671621840642263
main,gru,rolling,2024-11,7151.4436807514085,220931356.47942093,3529.2471959510417,0.6425794757189162,1.24810278747578,1764.6235979755213,0.5758928571428571,8139.89476862603,1.275667906083473,0.8125,17735.109385651976,3.1268826511602943,0.90625,26607.805489623734,4.95801611746739,0.96875,41528.859173783916,7.8774904672147406
main,gru,rolling,2024-12,13071.595095865192,641633695.5137316,7161.2813341384635,1.0524519281677736,1.9568663699729827,3580.640667069232,0.4396551724137931,8707.32794055836,1.3370675341661402,0.6896551724137931,19056.283786092336,3.0220592213177975,0.8103448275862069,26491.832577482135,4.3973702470250355,0.8793103448275862,36720.79103883497,6.376003262685948
main,gru,static,2023-10,8806.321888504823,310821028.25082153,4247.72562117327,0.8994512092682732,1.7627537150039323,2123.8628105866355,0.55,7559.631258700713,1.0931474836804784,0.8041666666666667,16010.371217394446,4.47802894595387,0.9208333333333333,25672.958030611215,6.968721759337319,0.9666666666666667,37676.49083697001,12.529424013957437
main,gru,static,2023-11,7296.350692603772,269236226.05096006,4046.0144951279444,0.8146144165123903,1.3132167719135543,2023.0072475639727,0.5865384615384616,7251.638717548205,1.0927585206108106,0.8365384615384616,15589.200960832777,4.48508064650889,0.9086538461538461,24681.954331273297,6.897699942707439,0.9278846153846154,35962.50389512433,12.35910038333305
main,gru,static,2023-12,7375.969235118795,265545399.7881089,4361.944133796699,0.8137379739286785,1.1251712637753293,2180.9720668983496,0.5541666666666667,7219.39844140773,1.0638032628867549,0.8541666666666666,15472.207259238145,4.376832791492157,0.9166666666666666,24575.04995141665,6.746986982198421,0.925,35819.936797802446,12.168158172692289
main,gru,static,2024-01,9387.203806948582,283168924.12089497,4864.230145695827,0.9435264638007818,1.526865490142078,2432.115072847914,0.5291666666666667,9328.781772020764,1.4967390093906026,0.7541666666666667,19530.790908837917,5.1837205178360755,0.85,29678.15126035399,7.744331390486,0.9166666666666666,41736.7166690879,13.334884602192458
main,gru,static,2024-02,7161.489116552649,162035110.72376174,3327.693345566094,0.6303704036822949,1.0478204856418354,1663.8466727830473,0.5046296296296297,7634.4343763828,1.1926372315686518,0.7824074074074074,16938.082165180673,4.775891199690002,0.9305555555555556,26137.97601936923,7.205698803192994,0.9722222222222222,37023.57496229807,12.63423053354928
main,gru,static,2024-03,5049.048666618293,65630374.38662345,2500.285098613244,0.6450890479378163,1.0937015281746383,1250.1425493066222,0.5846774193548387,9340.585372677926,1.7232089072512085,0.9032258064516129,19183.69311400575,5.579526148105264,0.9919354838709677,29224.391885766672,8.299735064057762,0.9959677419354839,41185.33088789909,14.047357053202058
main,gru,static,2024-04,3784.2317823705175,64925760.09541062,2099.6757908083423,0.5754702284917415,0.896067743995513,1049.8378954041714,0.6416666666666667,6363.479519154175,1.5429534415182502,0.9125,13732.964309102596,5.126679814564249,0.975,22697.78818921089,7.762805722696663,0.9875,33775.0020232296,13.436996696458502
main,gru,static,2024-05,7825.257993477136,359714183.8711215,4435.936485413465,1.1036425062847501,1.9190457509156218,2217.9682427067323,0.5,6012.412013135205,1.4880899509439371,0.8625,13058.461551745733,5.0110596713389395,0.9125,21732.242441383998,7.586462543754086,0.9458333333333333,32609.864785267513,13.20241514972008
main,gru,static,2024-06,3420.3985499649443,45823304.65203487,2027.9098495271053,2.1426221535067347,2.5363776820525814,1013.9549247635528,0.6083333333333333,5347.060609643419,1.4371296707243784,0.8541666666666666,11757.78611049672,4.875163190762669,0.8916666666666667,19913.358154544832,7.384393109965232,0.9041666666666667,30268.196933918,12.931766863954373
main,gru,static,2024-07,1989.4256226664493,21156799.11862017,1172.1058206055743,0.7327945263638311,1.0938655957367296,586.0529103027872,0.6814516129032258,3151.9237416647975,0.9922751889714608,0.9274193548387096,8085.681377173143,4.166807471100174,0.9798387096774194,15012.485774418616,6.463853491681916,0.9879032258064516,24054.08814643122,11.786699737134326
main,gru,static,2024-08,2575.8816005916397,48126175.6059365,1467.2787646597217,0.4834491061684413,0.7516694025746844,733.639382329861,0.7083333333333334,2274.655936505161,0.6568103011083252,0.8916666666666667,6927.7599596214295,3.742228041754569,0.9791666666666666,13856.47960433642,6.002665439804421,0.9958333333333333,22974.89455224355,11.300846421241545
main,gru,static,2024-09,6624.260300519528,268757210.47640234,3794.9952635902646,0.878406742798928,1.453305487502782,1897.4976317951323,0.4956896551724138,4229.198591019059,0.7136831971781641,0.8232758620689655,10247.356415007702,3.8788529294288066,0.875,18266.435408600446,6.215421207543936,0.9181034482758621,28540.05119168183,11.598393066883956
main,gru,static,2024-10,6942.530914268653,228297184.4374502,3536.9744841827637,0.731937121153529,1.2332331507718102,1768.4872420913819,0.5344827586206896,5619.036694937841,0.860268414066031,0.7801724137931034,12412.132208198,4.106065851187589,0.9224137931034483,20681.559166395255,6.4576316382460375,0.9655172413793104,31198.495851940945,11.854473031189373
main,gru,static,2024-11,7151.4436807514085,220931356.47942093,3548.096309815079,0.7578350671558525,1.24810278747578,1774.0481549075396,0.5803571428571429,7872.940201019602,1.212996483968949,0.8035714285714286,17152.286123796646,4.74543771615204,0.8883928571428571,27096.517097654298,7.292111884288038,0.9419642857142857,39248.74969603505,12.89512551583377
main,gru,static,2024-12,13071.595095865192,641633695.5137316,7215.970782387995,1.1980342819636074,1.9568663699729827,3607.9853911939977,0.40086206896551724,8217.071291485943,1.2075139524499594,0.6551724137931034,17652.453803939694,4.670778905212076,0.7758620689655172,27297.99485405437,7.078958250741787,0.8362068965517241,38896.174774499596,12.522774088337238
main,lgbm,adaptive,2023-10,8549.15313440447,314430316.9466778,4313.345330224937,0.8923280730166858,1.6983759584624167,2156.6726651124686,0.44583333333333336,8856.348852914938,1.489616732618548,0.75,15312.446026704643,3.9232228390263817,0.8708333333333333,23852.273446052382,6.6870224040218025,0.9333333333333333,31635.171901689693,11.933031093353778
main,lgbm,adaptive,2023-11,7663.979872632334,259878948.22146764,3980.8990835465206,0.752904731370027,1.345389725725394,1990.4495417732603,0.39903846153846156,9141.1537290985,1.4850888810323704,0.8269230769230769,17080.87026067262,3.41019287142501,0.9375,28442.11829245576,5.998033449673411,0.9567307692307693,35697.479681855046,8.226131459934575
main,lgbm,adaptive,2023-12,8393.805353545367,268517262.6555398,3999.339615939779,0.6910213828124601,1.2662948268532277,1999.6698079698897,0.37083333333333335,12675.768732266088,1.895915821957484,0.8208333333333333,20698.237825267584,3.6460422406559525,0.95,33341.68507376892,6.194247612543863,0.9875,45283.5274849657,9.432895033839252
main,lgbm,adaptive,2024-01,9102.896082614358,250725037.70266867,4216.031237569242,0.760264246416627,1.4839551784647398,2108.015618784621,0.5708333333333333,14925.852688850247,2.2059589187976454,0.8291666666666667,21512.04634355133,3.7984480902525566,0.9291666666666667,32705.24264066501,6.553744381535745,0.9791666666666666,45299.59063847426,9.211877407297294
main,lgbm,adaptive,2024-02,6615.797307396884,127730959.39580803,3040.055814153846,0.5057245293937838,0.9856839637293513,1520.027907076923,0.6342592592592593,15214.699992920252,2.1799608073180616,0.9259259259259259,23886.522303886315,4.096903597424999,0.9953703703703703,30961.449941884082,6.175842635731732,0.9953703703703703,41443.730381316775,8.444163698929602
main,lgbm,adaptive,2024-03,3903.1337330677957,43747180.21160925,2005.9342710011215,0.582671642469153,0.9308450735405189,1002.967135500561,0.6693548387096774,10889.494246495926,1.5756974088677118,0.8911290322580645,16357.598052488267,2.985923031163553,0.9717741935483871,21468.66320587552,4.506419027760424,0.9838709677419355,29244.345785697235,6.376534275406374
main,lgbm,adaptive,2024-04,3291.403290521132,51938177.9441544,1847.409005560909,0.42812949426730756,0.7159681997299284,923.7045027804546,0.6125,7831.926084783724,1.353070756389333,0.9,13950.05656543172,3.1208995777836495,0.9708333333333333,19344.42815658293,4.741594325708012,0.9833333333333333,25903.491176026935,6.646760621888365
main,lgbm,adaptive,2024-05,7335.493415827311,351153597.9113234,4529.721707552397,1.1218654436639144,1.7436995075685189,2264.8608537761984,0.55,7653.085403447971,1.698881638255955,0.7875,13466.124484768105,3.943302434610493,0.8666666666666667,19042.587724634424,5.97830218537002,0.9125,27153.84363452663,8.98526899302967
main,lgbm,adaptive,2024-06,3135.1282452107635,42942005.39295555,1699.7960322114343,1.4991325719840582,2.447332356674318,849.8980161057173,0.5291666666666667,4240.434911975701,1.1807602123521004,0.7708333333333334,8558.354253872452,3.0441757538261593,0.8708333333333333,14041.487041655424,4.936304853343247,0.9375,24595.09057403217,8.229128268674888
main,lgbm,adaptive,2024-07,1958.2703817649142,22018921.011980824,1232.8899977790104,0.8149555225412547,1.0409925083046312,616.4449988895053,0.6733870967741935,3569.024207515709,0.975201326276847,0.8387096774193549,6993.420222892732,2.9513605756963086,0.9153225806451613,11320.270633362894,4.958780823346511,0.9596774193548387,19976.854051786122,8.065604080234785
main,lgbm,adaptive,2024-08,2542.045670248369,43259270.54753614,1641.0264376864188,0.5089319065054834,0.7213769837584764,820.5132188432095,0.6666666666666666,5637.920649433451,1.0897874826316467,0.8166666666666667,10069.111577311878,2.40527089951898,0.8958333333333334,13779.488935781563,4.538868006892853,0.9416666666666667,20285.752927363817,7.235054836455065
main,lgbm,adaptive,2024-09,6216.602809509618,254956919.54697895,3960.5382735416706,0.868149896007238,1.3859364443508604,1980.2691367708353,0.47413793103448276,6743.066381269284,1.2034744604557943,0.75,11491.747917703646,2.4527943275602726,0.8706896551724138,16095.234704628436,4.225001708090022,0.9353448275862069,23938.76514192953,7.601764453947072
main,lgbm,adaptive,2024-10,6780.183767776512,214449911.1832764,3520.1840262288156,0.6439160694063958,1.1971067822137171,1760.092013114408,0.47844827586206895,9376.92598317907,1.4260840731741269,0.7672413793103449,14240.16722413242,2.7039762587600986,0.8879310344827587,17448.452698673504,3.9403303258171163,0.978448275862069,30224.250669613288,6.954327789862678
main,lgbm,adaptive,2024-11,8234.928149488193,240260192.27098852,3807.3490290236696,0.6721070606387224,1.3762366853138805,1903.674514511835,0.4375,12620.783998868053,1.902178163862477,0.71875,20743.479090518023,3.656663708658267,0.9330357142857143,28526.003849865403,5.580489742613289,0.9866071428571429,41535.79858246213,8.528301324870844
main,lgbm,adaptive,2024-12,11584.759348901978,576796316.2875552,6061.973403353208,0.9217570909632636,1.7796284642637816,3030.986701676604,0.4396551724137931,12330.152729521984,1.9104436087774077,0.7241379310344828,20653.002224558117,3.626043072275715,0.8706896551724138,27984.25036959361,5.306354164291064,0.9353448275862069,39006.27747861754,7.664215623117946
main,lgbm,raw,2023-10,8549.15313440447,314430316.9466778,4791.312854343943,0.9998616271299023,1.6983759584624167,2395.6564271719717,0.3875,8422.378180938842,1.4338430450762731,0.6416666666666667,13896.422413584884,2.5255116694644735,0.7583333333333333,16364.619165587881,3.1250926023657253,0.8333333333333334,19914.037776671106,4.314705215051152
main,lgbm,raw,2023-11,7663.979872632334,259878948.22146767,4200.239385059418,0.7929719335332102,1.345389725725394,2100.119692529709,0.33653846153846156,8632.826290923118,1.4260101395088367,0.7211538461538461,15063.994583954085,2.722171862023827,0.8605769230769231,19151.48293380801,3.6517477938073077,0.9134615384615384,22384.358071028524,4.667456654879976
main,lgbm,raw,2023-12,8393.805353545367,268517262.6555398,4252.337753637387,0.722613959532525,1.2662948268532277,2126.1688768186937,0.25416666666666665,10745.281339647083,1.640943574694448,0.6083333333333333,17730.1186314959,3.004057417496669,0.825,22940.217730566736,4.437460778698978,0.9166666666666666,28515.914086389428,5.879918763552831
main,lgbm,raw,2024-01,9102.896082614358,250725037.70266867,4387.794191781253,0.7981573635098463,1.4839551784647398,2193.897095890627,0.4,12020.401190514352,1.828684240415293,0.6166666666666667,20082.711520568326,3.5622077487954686,0.7875,25506.700758004452,5.352366714133089,0.9166666666666666,30696.2555886096,6.739409434401194
main,lgbm,raw,2024-02,6615.797307396884,127730959.39580803,3001.557781579821,0.4992825453587186,0.9856839637293513,1500.7788907899105,0.3333333333333333,12093.325368012589,1.767366383756343,0.7037037037037037,22128.92764445655,3.731308024173572,0.8935185185185185,26442.557707551863,5.237290202298876,0.9722222222222222,31115.236830043996,6.507662923866941
main,lgbm,raw,2024-03,3903.1337330677957,43747180.21160924,1938.4510393101177,0.5686469680878549,0.9308450735405189,969.225519655059,0.41935483870967744,8811.364634079404,1.3144509067380692,0.7056451612903226,15425.217982677945,2.804741177559516,0.8911290322580645,19496.59570172385,4.0453789585699225,0.9637096774193549,24702.88255904633,5.433202312277729
main,lgbm,raw,2024-04,3291.403290521132,51938177.9441544,1830.4582585574658,0.4250617013535999,0.7159681997299284,915.2291292787329,0.45416666666666666,7001.521085354272,1.25801048853689,0.8,13688.247314729793,3.0842494560969422,0.9166666666666666,18664.364585687246,4.556228342622734,0.9625,23699.179822873957,6.183464371337804
main,lgbm,raw,2024-05,7335.49341582731,351153597.9113235,4523.449518229265,1.1215770501811373,1.743699507568519,2261.7247591146324,0.39166666666666666,7255.4600696903535,1.6527139601977974,0.6666666666666666,13343.274099527182,3.9340651407133205,0.8458333333333333,18760.01047711301,5.922040862289304,0.9041666666666667,25393.101790425157,8.45686969943007
main,lgbm,raw,2024-06,3135.1282452107635,42942005.39295555,1694.7263685155815,1.5217135627052252,2.447332356674318,847.3631842577907,0.3541666666666667,3770.113970937145,1.126548182938109,0.6541666666666667,8436.728413725878,3.0308481967933383,0.8291666666666667,12947.327861638692,4.641917006359487,0.8791666666666667,17730.42522194894,6.208649647891533
main,lgbm,raw,2024-07,1958.2703817649142,22018921.01198082,1211.3392869586767,0.8046900831593221,1.0409925083046312,605.6696434793384,0.4112903225806452,3291.939802964423,0.911827862050039,0.6693548387096774,6725.606481305794,2.4841837019581963,0.782258064516129,9622.345560641279,3.4383343017637777,0.8991935483870968,14428.250253783819,4.69393172354498
main,lgbm,raw,2024-08,2542.045670248369,43259270.54753614,1646.52559033489,0.4821476998969213,0.7213769837584764,823.262795167445,0.4125,5486.711231982659,1.0663600271375264,0.6791666666666667,9955.48465841716,2.312785624900021,0.8291666666666667,13031.270796216257,3.1208843237343213,0.9166666666666666,16901.4353767439,4.272830341535737
main,lgbm,raw,2024-09,6216.602809509618,254956919.54697895,4033.6904071985628,0.8913028590913983,1.3859364443508604,2016.8452035992814,0.40948275862068967,6663.3395242007155,1.18512514055013,0.6724137931034483,11249.816612664072,2.3944501478021594,0.8275862068965517,15056.67248273098,3.322143679776428,0.8793103448275862,18587.184096636207,4.3838336678354946
main,lgbm,raw,2024-10,6780.183767776512,214449911.1832764,3797.2897197157677,0.6940132308768769,1.1971067822137171,1898.644859857884,0.3620689655172414,9174.525079897488,1.3921241872386945,0.6939655172413793,13598.346798612225,2.5649483099620807,0.8060344827586207,15527.373761855306,3.3608106176734402,0.896551724137931,18015.254135174757,4.127556983053233
main,lgbm,raw,2024-11,8234.928149488193,240260192.27098852,3985.3783625315764,0.7032332805981295,1.3762366853138805,1992.6891812657882,0.38392857142857145,11737.460643616983,1.7889129902113539,0.6339285714285714,19219.446591265878,3.349018029591413,0.8303571428571429,23423.31140436156,4.584330306112798,0.9375,27503.2374314848,5.659579264684594
main,lgbm,raw,2024-12,11584.759348901978,576796316.2875552,6596.675329561397,1.010516671492827,1.7796284642637816,3298.3376647806986,0.3275862068965517,10807.17439213061,1.7028896276708092,0.5991379310344828,17850.794422664072,3.141411070960927,0.75,22641.577158807762,4.365959907546877,0.875,27532.4763533563,5.734550110438209
main,lgbm,rolling,2023-10,8549.15313440447,314430316.9466778,4307.849162146548,0.8931135736426794,1.6983759584624167,2153.9245810732746,0.44583333333333336,8826.24455608757,1.4858771175809418,0.7458333333333333,14977.45781395869,3.950026360819591,0.875,23367.325470643253,6.736232373230223,0.9333333333333333,30827.6194029079,11.827960738839215
main,lgbm,rolling,2023-11,7663.979872632334,259878948.22146764,4020.91536588773,0.76122167391034,1.345389725725394,2010.457682943865,0.3894230769230769,9024.746244766266,1.4701164444100738,0.8125,16272.679984995668,3.3174800306431416,0.9375,27289.935870545418,6.11970508923784,0.9519230769230769,33761.78042382238,8.060890834005066
main,lgbm,rolling,2023-12,8393.805353545367,268517262.6555398,3987.985848191488,0.6981336363959122,1.2662948268532277,1993.9929240957442,0.35833333333333334,12199.7711246258,1.8206799520774846,0.8041666666666667,20246.01706438275,3.720475202759461,0.95,32858.710724084136,6.731530198954379,0.9791666666666666,42056.630360815776,9.015451801250084
main,lgbm,rolling,2024-01,9102.896082614358,250725037.70266867,4259.047852368735,0.7698639342971272,1.4839551784647398,2129.5239261843676,0.5375,14473.40824293567,2.1447550789826795,0.8166666666666667,21348.29385676186,3.7783419798698143,0.9208333333333333,31991.19709129428,6.535504487925908,0.9625,43068.781452497264,9.311889691911995
main,lgbm,rolling,2024-02,6615.797307396884,127730959.39580803,3018.4734106018986,0.5014527207879068,0.9856839637293513,1509.2367053009493,0.6064814814814815,14865.974722637908,2.1297511494942154,0.9120370370370371,23552.53322203413,4.007928327195669,0.9953703703703703,30418.393152331428,6.015931427474577,1.0,40219.94051332198,8.248218601854333
main,lgbm,rolling,2024-03,3903.1337330677957,43747180.21160925,2003.6616342334112,0.5825692341340768,0.9308450735405189,1001.8308171167057,0.625,10737.963412857514,1.555515514311402,0.8951612903225806,16452.1783551998,3.007702063378896,0.9758064516129032,21514.88330555461,4.527386463459259,0.9879032258064516,29552.084621221402,6.44771125755468
main,lgbm,rolling,2024-04,3291.403290521132,51938177.9441544,1848.7272175817056,0.4294773466648531,0.7159681997299284,924.3636087908528,0.6041666666666666,7811.783142979387,1.3489726773480568,0.9125,14308.874710482713,3.2113976126176933,0.9708333333333333,19580.146276367934,4.798401939309278,0.9833333333333333,26045.2090231258,6.864058716647919
main,lgbm,rolling,2024-05,7335.493415827311,351153597.9113234,4514.243769987003,1.1095686380030358,1.7436995075685189,2257.121884993502,0.5333333333333333,7604.323570531472,1.6932488842908957,0.8083333333333333,13511.493602536462,3.948216447064432,0.875,19018.559878732074,5.97853936396671,0.9208333333333333,27297.3066315874,9.619748525922805
main,lgbm,rolling,2024-06,3135.1282452107635,42942005.39295555,1694.0185834254905,1.4876689080125831,2.447332356674318,847.0092917127454,0.5083333333333333,4106.916594379023,1.166740950879407,0.7833333333333333,8592.572432701056,3.059571756821019,0.8875,13958.95768575935,5.235029448283627,0.9416666666666667,24501.549293701813,9.325333662481997
main,lgbm,rolling,2024-07,1958.2703817649142,22018921.011980824,1241.155306881465,0.793349648097286,1.0409925083046312,620.5776534407325,0.6330645161290323,3544.021407245648,0.9459414546154826,0.8508064516129032,7171.579991027626,3.150891544895215,0.9314516129032258,11920.055898858978,5.206577754771994,0.9637096774193549,21337.54508527431,8.601532759133493
main,lgbm,rolling,2024-08,2542.045670248369,43259270.54753614,1616.1320617750798,0.5059691247103265,0.7213769837584764,808.06603088754,0.6625,5634.776780086459,1.088444920643356,0.8333333333333334,10392.782690616932,3.0287245735859267,0.8958333333333334,14375.591045895682,4.7712811888444575,0.9625,21679.57548189455,8.032046287408056
main,lgbm,rolling,2024-09,6216.602809509618,254956919.54697895,3982.569549227557,0.8670134038736537,1.3859364443508604,1991.284774613779,0.46551724137931033,6720.833554519786,1.1986873528968915,0.771551724137931,11620.415453450236,2.8342660272856697,0.8706896551724138,16218.061655867825,4.836182561874112,0.9267241379310345,21742.817775471303,7.494639068893689
main,lgbm,rolling,2024-10,6780.183767776512,214449911.1832764,3525.099740232541,0.6490712335474762,1.1971067822137171,1762.5498701162708,0.4482758620689655,9292.348457147245,1.412552959314229,0.7801724137931034,14281.310574623854,2.720992200864877,0.8836206896551724,17874.29972098706,4.2543064615399295,0.9698275862068966,27410.753731514313,6.448689032418922
main,lgbm,rolling,2024-11,8234.928149488193,240260192.27098852,3794.5729033944185,0.6760640321551282,1.3762366853138805,1897.2864516972095,0.42857142857142855,12362.900264879196,1.8736531937573433,0.7410714285714286,20638.917693811305,3.6187200175262473,0.9330357142857143,28010.716815687563,5.6882282279831555,0.9821428571428571,42268.21223544549,8.489311272035325
main,lgbm,rolling,2024-12,11584.759348901978,576796316.2875552,6054.128717376097,0.9236087854682794,1.7796284642637816,3027.0643586880483,0.4267241379310345,11900.61611832666,1.8455095076072663,0.7198275862068966,20303.83775734339,3.5509788366283543,0.8793103448275862,27569.35391792895,5.181593363814728,0.9396551724137931,38759.699340182146,7.594895492143757
main,lgbm,static,2023-10,8549.15313440447,314430316.9466778,4309.035656473203,0.8908687758556578,1.6983759584624167,2154.5178282366014,0.44583333333333336,8833.648790003743,1.487829090128704,0.7583333333333333,15155.862033268275,4.546392770369012,0.875,22638.61969953245,6.770253719748098,0.925,29256.464431268374,11.652082838817153
main,lgbm,static,2023-11,7663.979872632334,259878948.22146764,4039.9881665017488,0.8221995021249394,1.345389725725394,2019.9940832508748,0.41346153846153844,9048.728127579707,1.481157802937014,0.8221153846153846,16382.711580643643,4.753783626670552,0.9375,25426.637031116392,7.2969917078511575,0.9519230769230769,31726.80114380571,12.004835426175477
main,lgbm,static,2023-12,8393.805353545367,268517262.6555398,4087.702266051045,0.7924607906401759,1.2662948268532277,2043.8511330255226,0.3416666666666667,11162.662671933807,1.6959906043797952,0.7708333333333334,19104.08717975673,5.045623524376952,0.9416666666666667,29211.160481514955,8.082424983593826,0.9583333333333334,37859.063104809145,13.217428894344456
main,lgbm,static,2024-01,9102.896082614358,250725037.70266867,4327.504534322456,0.876690504944379,1.4839551784647398,2163.7522671612282,0.4708333333333333,12437.612664715714,1.8830821450697337,0.7583333333333333,21436.039827940192,5.600130825754316,0.9208333333333333,31777.28559164534,8.997303514759372,0.9458333333333333,40038.338509919784,14.07676472836598
main,lgbm,static,2024-02,6615.797307396884,127730959.39580803,3064.958435832206,0.6059407817182434,0.9856839637293513,1532.479217916103,0.4351851851851852,12510.448105584008,1.821425161797244,0.8379629629629629,23506.889799671022,5.773972009674144,0.9953703703703703,32716.71076536988,8.88246999436427,1.0,40457.59770966394,13.845035950384121
main,lgbm,static,2024-03,3903.1337330677957,43747180.21160925,2035.1988834142494,0.5723298608934432,0.9308450735405189,1017.5994417071248,0.5080645161290323,9227.661119146363,1.3684003974510375,0.8387096774193549,16720.82792871976,4.832018752747458,0.9919354838709677,25770.40817723485,7.690516461380252,1.0,34045.23135042942,12.77057449390506
main,lgbm,static,2024-04,3291.403290521132,51938177.9441544,1900.8994885534148,0.5246704174131117,0.7159681997299284,950.4497442767075,0.5708333333333333,7406.118059739417,1.3103237264937824,0.9041666666666667,14936.133971593092,5.102380325175471,0.9833333333333333,24938.52241223429,8.201390195480187,0.9958333333333333,33041.577208936455,13.520839986353645
main,lgbm,static,2024-05,7335.493415827311,351153597.9113234,4205.938157239493,1.0563444291217998,1.7436995075685189,2102.9690786197466,0.49583333333333335,7652.794753882068,1.7035544683294905,0.8416666666666667,14582.045099833156,5.95046072385012,0.9375,25034.57789280757,9.567235655098193,0.9583333333333334,34735.52689737924,15.794247313975642
main,lgbm,static,2024-06,3135.1282452107635,42942005.39295555,1751.6277927774888,1.6267409712601517,2.447332356674318,875.8138963887445,0.525,4119.934413892573,1.1706266211511362,0.8291666666666667,9670.02740490554,5.0470291536116125,0.9125,19220.5133183263,8.287013130406873,0.9291666666666667,27072.714453497527,13.546017677755199
main,lgbm,static,2024-07,1958.2703817649142,22018921.011980824,1227.5589851362774,0.7252703153978407,1.0409925083046312,613.7794925681388,0.6330645161290323,3601.777229722226,0.9498461337607703,0.8548387096774194,7943.051272600082,4.49899512205978,0.9314516129032258,15891.974621909996,7.083241796578923,0.9758064516129032,23772.12904987052,12.031563803051224
main,lgbm,static,2024-08,2542.045670248369,43259270.54753614,1611.2655553323061,0.5002375456310868,0.7213769837584764,805.6327776661532,0.6666666666666666,5797.503407573545,1.1049034968282077,0.8833333333333333,11180.67437906672,4.329112593343855,0.9625,19299.389934495488,6.765992803353426,0.9875,26243.67724600669,11.610302984224768
main,lgbm,static,2024-09,6216.602809509618,254956919.54697895,3780.094916023926,0.8653087011480484,1.3859364443508604,1890.047458011963,0.49137931034482757,7060.580197803062,1.2363424455215999,0.8103448275862069,12495.898650103003,4.413056867536324,0.9137931034482759,21330.13135092998,6.967495445306204,0.9396551724137931,27929.67746943077,11.721262978693144
main,lgbm,static,2024-10,6780.183767776512,214449911.1832764,3512.0203050065516,0.725196814848093,1.1971067822137171,1756.0101525032758,0.44396551724137934,9591.06697030392,1.446452934801246,0.8405172413793104,14848.871726937827,4.584174718749842,0.9396551724137931,21801.88500330755,7.006004331076572,0.9698275862068966,27359.802710917582,11.465242882008745
main,lgbm,static,2024-11,8234.928149488193,240260192.27098852,3822.7331257774,0.771882077069992,1.3762366853138805,1911.3665628887004,0.46875,12153.86694470255,1.8432409249126611,0.8125,20550.62658758188,5.3834170950651865,0.9508928571428571,29696.029440469098,8.229400188059971,0.9821428571428571,36845.498341122344,12.9969453039443
main,lgbm,static,2024-12,11584.759348901978,576796316.2875552,6159.205525912221,1.0421339454581071,1.7796284642637816,3079.602762956111,0.39655172413793105,11224.393336617199,1.7573173993703033,0.7025862068965517,19223.767877185393,5.184038285748975,0.8922413793103449,28916.90094743178,8.011226946070614,0.9353448275862069,36874.921138620884,13.071929001419184
main,seasonal,adaptive,2023-10,9243.343687499999,385170251.7273695,5257.371216319444,1.051031499150777,1.9106562828527935,2628.6856081597225,0.5541666666666667,6404.980333333334,2.162925498885795,0.7458333333333333,16055.918329166669,4.716523624317222,0.8375,24940.543935416663,7.854814929850435,0.9083333333333333,33679.30575,12.853964278166368
main,seasonal,adaptive,2023-11,7508.574447115385,292958236.02394074,3955.664595532852,0.7636111211677068,1.370867317528416,1977.8322977664263,0.6105769230769231,8845.333653846154,1.8260569064705114,0.8365384615384616,20143.891221153848,4.035565227318473,0.9134615384615384,32194.33256009615,6.014700811529471,0.9423076923076923,40551.73156610577,7.97389909172009
main,seasonal,adaptive,2023-12,6417.56525,230390784.94779855,3703.587811030093,0.6819227374560571,1.0859233410515936,1851.7939055150464,0.6708333333333333,11190.561614583334,2.024351785225788,0.9041666666666667,21751.06283333333,4.246416827009242,0.9416666666666667,36436.91901666667,6.804118523323596,0.9708333333333333,46563.38743125,8.818647193884312
main,seasonal,adaptive,2024-01,10445.366541666668,351753634.1349448,5235.318783657407,0.928176863964173,1.7217325898236484,2617.659391828704,0.4625,9369.0896875,1.5056966839538648,0.7458333333333333,20120.47105,3.4935649244420675,0.8583333333333333,32595.878566666663,5.928327095097513,0.9375,45639.45580833333,8.475746084956736
main,seasonal,adaptive,2024-02,6675.421157407407,179563505.75263497,3419.461088503086,0.537776256802861,0.9874058262963935,1709.7305442515435,0.7407407407407407,13594.941261574075,2.013951783636247,0.9351851851851852,26423.16000462963,4.197345557191963,0.9768518518518519,37374.344446759256,6.456599643941223,0.9907407407407407,48453.21597685185,9.531812684296925
main,seasonal,adaptive,2024-03,3813.8700806451616,41371131.01826452,2327.6027212869626,0.6766671586486791,0.9338714659617106,1163.8013606434813,0.6895161290322581,12234.221441532258,1.7959324775439736,0.9112903225806451,21354.1695625,3.3956839293367427,0.9717741935483871,29400.33379838709,5.2009240907962075,0.9758064516129032,38112.505859879035,7.296347820716407
main,seasonal,adaptive,2024-04,3357.4260416666666,49368682.629729584,1912.228819212963,0.4494047822995086,0.7448024923497532,956.1144096064816,0.5958333333333333,8359.361739583333,1.3693068721278923,0.8333333333333334,16591.883227083334,2.939061701522849,0.9416666666666667,21935.263987499995,4.382199607528692,0.9791666666666666,28149.316345833333,7.040460881142546
main,seasonal,adaptive,2024-05,7345.469708333333,350902576.95273876,4843.539851070602,1.0810733669974877,1.764704182128818,2421.769925535301,0.4708333333333333,5184.199864583334,1.1405793152436645,0.6833333333333333,10892.343570833335,2.557646490822141,0.7916666666666666,15549.541706249995,3.6787053934821996,0.8375,21010.92314270833,6.102406503532363
main,seasonal,adaptive,2024-06,3467.5011458333333,40504551.17018531,2088.4591419907406,1.6959414101230834,2.5467761641558067,1044.2295709953705,0.5208333333333334,5709.749916666667,1.5202876235498195,0.7833333333333333,12332.7574375,4.321346752649261,0.8833333333333333,20524.26059166666,7.0438368364327335,0.9458333333333333,33094.093,11.91397196484044
main,seasonal,adaptive,2024-07,2399.2146169354837,23625926.502631955,1532.5597945900536,0.9701663545965281,1.132592990163133,766.2798972950269,0.6814516129032258,5316.583215725806,2.4958170063244074,0.8790322580645161,12291.338661290323,6.032169610795607,0.9596774193548387,20723.718387096767,9.967557182480835,0.9879032258064516,33290.5300141129,14.974407106651698
main,seasonal,adaptive,2024-08,2797.6120416666668,47264505.29175167,1698.0626633738427,0.7013823506205549,0.7664512674514504,849.0313316869214,0.6583333333333333,3686.3751770833333,2.0773871788617164,0.85,8222.535379166668,4.7061483514567914,0.9291666666666667,13569.725720833327,8.618885590711004,0.9541666666666667,22417.715219791666,12.723281112260521
main,seasonal,adaptive,2024-09,6386.673340517242,271582594.21002275,4300.209026945642,0.9803243749526089,1.4069899871295088,2150.104513472821,0.5387931034482759,3569.6427370689653,1.3152977854104277,0.7198275862068966,7592.452926724139,3.513354983057583,0.8405172413793104,12544.936782327582,6.401733814664781,0.8879310344827587,21668.086302801723,9.973442411509417
main,seasonal,adaptive,2024-10,6683.759784482759,244085558.22030798,3587.2289047533523,0.639753316158521,1.2106274417537104,1793.6144523766764,0.521551724137931,5506.86849137931,1.217497886809097,0.7974137931034483,13209.280625000001,2.8173828389098983,0.8922413793103449,20657.766633620686,4.588404214060648,0.9655172413793104,35869.95152801724,7.5253690786107255
main,seasonal,adaptive,2024-11,8384.988928571429,302924008.09687567,4306.9173185205855,0.7575653237318077,1.397163361746584,2153.4586592602927,0.5803571428571429,8604.133537946429,1.700450851183838,0.7767857142857143,18334.533026785717,3.513201018573903,0.8928571428571429,26161.384933035708,5.209184873934364,0.9598214285714286,45647.119668526786,8.37717192698378
main,seasonal,adaptive,2024-12,11353.737349137931,568284672.7933475,5611.541548653017,0.8728082724311136,1.7543760052463715,2805.770774326509,0.4956896551724138,11740.329342672414,1.9064600586875502,0.75,24755.479387931035,4.04770711984298,0.8663793103448276,32734.672387931034,5.598170261499721,0.9612068965517241,47318.55123599138,8.131482480348145
main,seasonal,raw,2023-10,9243.343687499999,385170251.7273695,5704.394953923611,1.085760467139824,1.9106562828527935,2852.1974769618055,0.5375,6256.365489583333,2.147021725570916,0.7125,14836.631908333336,4.561373263438063,0.7583333333333333,19551.99380416666,6.757864437974024,0.7916666666666666,22048.397443749996,7.982030063312817
main,seasonal,raw,2023-11,7508.574447115385,292958236.02394074,4142.017728078258,0.7999831189804301,1.370867317528416,2071.0088640391295,0.5913461538461539,8497.670528846154,1.7710955668166308,0.7403846153846154,17721.147509615388,3.6668713340585812,0.8365384615384616,22518.991329326916,4.830222459335181,0.8461538461538461,25093.874991586534,5.468049031206468
main,seasonal,raw,2023-12,6417.56525,230390784.94779855,3914.50632953125,0.7149205455760672,1.0859233410515936,1957.2531647656251,0.5708333333333333,10457.723489583334,1.9111390429684965,0.7708333333333334,18496.598595833337,3.7354675567466455,0.8333333333333334,24945.86469791666,5.205827515093849,0.8541666666666666,28587.834932291662,6.0385527631113955
main,seasonal,raw,2024-01,10445.366541666668,351753634.1349448,5602.228895671296,1.0032521009384892,1.7217325898236484,2801.1144478356487,0.3958333333333333,8534.553895833333,1.357167211666543,0.6166666666666667,18641.507633333335,3.232700914602088,0.7291666666666666,25312.465908333324,4.782209191418846,0.7625,28935.114287499997,5.640299210020631
main,seasonal,raw,2024-02,6675.421157407407,179563505.75263494,3266.207156121399,0.5012382191627915,0.9874058262963935,1633.1035780606996,0.625,12258.538090277778,1.8058141690309684,0.8425925925925926,23334.766458333335,3.6266683873030305,0.9259259259259259,29441.279870370363,4.915423404971607,0.9259259259259259,32759.024449074073,5.63475353079596
main,seasonal,raw,2024-03,3813.8700806451616,41371131.01826452,2236.0208539930554,0.6562332557214464,0.9338714659617106,1118.010426996528,0.6209677419354839,11600.16685483871,1.707870955642063,0.8185483870967742,20805.218947580648,3.3077484205791357,0.907258064516129,26084.33442137096,4.460948899244275,0.907258064516129,28936.848400201612,5.09804819816236
main,seasonal,raw,2024-04,3357.4260416666666,49368682.629729584,1885.863281452546,0.4390527959230948,0.7448024923497532,942.9316407262733,0.575,8165.800666666666,1.3511703599095735,0.8041666666666667,16507.44797916667,2.9294159732131475,0.875,21152.824706249994,4.148792378766674,0.8958333333333334,23634.223165624997,4.8216943109228945
main,seasonal,raw,2024-05,7345.469708333333,350902576.95273876,4847.3605676215275,1.1051053051379027,1.764704182128818,2423.6802838107637,0.4625,5138.644760416666,1.1343350397107874,0.6541666666666667,10872.263479166668,2.5546053119143104,0.75,15026.913727083329,3.5728166955136875,0.7583333333333333,17303.015863541666,4.12287639329323
main,seasonal,raw,2024-06,3467.5011458333333,40504551.17018531,2086.379900034722,1.7300887834443397,2.5467761641558067,1043.1899500173613,0.4791666666666667,5396.527552083334,1.4638320419188309,0.6833333333333333,11980.223358333335,4.15355484762169,0.7875,17522.91300416666,5.66481973707135,0.8041666666666667,20631.055335416666,6.458753567631161
main,seasonal,raw,2024-07,2399.2146169354837,23625926.502631955,1476.2998471550177,0.9195969292840834,1.132592990163133,738.149923577509,0.592741935483871,4847.6518245967745,2.3897411172230925,0.8024193548387096,11718.214245967743,5.3216277882853715,0.875,18024.78487096773,7.023370137980607,0.8830645161290323,21596.65501612903,7.951336865747292
main,seasonal,raw,2024-08,2797.6120416666668,47264505.29175166,1686.4150000694447,0.656933426043555,0.7664512674514504,843.2075000347223,0.6208333333333333,3408.5189270833334,2.044712897104288,0.7875,7950.120195833335,4.584015443089684,0.9,12478.911033333328,6.389356684327269,0.9208333333333333,15035.068391666664,7.389681670938543
main,seasonal,raw,2024-09,6386.673340517242,271582594.21002275,4473.7460251376915,0.9913703862124839,1.4069899871295088,2236.8730125688458,0.5258620689655172,3371.266724137931,1.2971476742184207,0.7025862068965517,7360.755211206898,3.482957834891907,0.8060344827586207,11363.112075431029,5.253779672434574,0.8448275862068966,13633.165089439653,6.232320496390373
main,seasonal,raw,2024-10,6683.759784482759,244085558.22030798,3753.923399113985,0.6667515011599066,1.2106274417537104,1876.9616995569925,0.4956896551724138,5239.654644396552,1.1842679853017606,0.7025862068965517,11470.055724137932,2.5434936014334313,0.8060344827586207,16743.27176724137,3.900315820910267,0.8362068965517241,19693.62965517241,4.670828411925509
main,seasonal,raw,2024-11,8384.988928571429,302924008.09687567,4736.421843297371,0.8209320397883325,1.397163361746584,2368.2109216486856,0.48214285714285715,7590.116283482143,1.5341727457629992,0.6651785714285714,14996.667508928573,2.9546443602867174,0.8035714285714286,20554.60683705356,4.285746541885835,0.84375,23650.013061383925,5.039904757778044
main,seasonal,raw,2024-12,11353.737349137931,568284672.7933475,6283.9684593450675,0.9609587211141185,1.7543760052463715,3141.984229672534,0.4353448275862069,10477.440905172414,1.700249209034885,0.6336206896551724,19862.27266810345,3.3687776807709264,0.7456896551724138,24951.497967672407,4.461174270870814,0.771551724137931,27640.02495366379,5.053485404598642
main,seasonal,rolling,2023-10,9243.343687499999,385170251.7273695,5276.926964212963,1.0547311083614288,1.9106562828527935,2638.4634821064815,0.5458333333333333,6359.38996875,2.1575195260582323,0.7375,15364.431379166668,4.648691875094343,0.8375,24305.199725,7.912004649035896,0.8958333333333334,32489.342362499996,12.693626488223366
main,seasonal,rolling,2023-11,7508.574447115385,292958236.02394074,3964.1935546207264,0.7664573943141557,1.370867317528416,1982.0967773103634,0.6009615384615384,8744.509711538461,1.8073717660188504,0.8365384615384616,19314.498990384618,3.936713760459414,0.9038461538461539,30764.525007211538,5.8325303168452525,0.9278846153846154,37640.32582692308,7.535324219863188
main,seasonal,rolling,2023-12,6417.56525,230390784.94779855,3679.5914057118057,0.6781717112256208,1.0859233410515936,1839.795702855903,0.6458333333333334,11038.65375,2.0026706607118765,0.9,20948.373966666662,4.1389253906957295,0.9375,35162.996039583326,6.565094130970034,0.9666666666666667,43966.96737395833,8.327106441722611
main,seasonal,rolling,2024-01,10445.366541666668,351753634.1349448,5260.927907893519,0.9363375176038955,1.7217325898236484,2630.4639539467594,0.45416666666666666,9175.73125,1.469525543357382,0.7375,19882.112637500002,3.450444386661579,0.8458333333333333,31419.506118749992,5.748550265898732,0.9125,43242.000425,7.944898585727496
main,seasonal,rolling,2024-02,6675.421157407407,179563505.75263497,3368.0496940329217,0.5227217700553296,0.9874058262963935,1684.0248470164613,0.7314814814814815,13357.52761574074,1.9831103434911475,0.9212962962962963,24618.266101851852,3.8586840458623124,0.9722222222222222,35196.12950462963,6.069630512246749,0.9907407407407407,47506.00896296296,8.290296886883652
main,seasonal,rolling,2024-03,3813.8700806451616,41371131.01826452,2329.518588250448,0.6747091577355029,0.9338714659617106,1164.7592941252242,0.6895161290322581,12167.346300403226,1.7893199722486655,0.9314516129032258,21428.434330645163,3.4177322823869907,0.9717741935483871,29536.26263508064,5.178089908498325,0.9758064516129032,38030.15665927419,7.012841436493757
main,seasonal,rolling,2024-04,3357.4260416666666,49368682.629729584,1916.9095166261575,0.44979405816185397,0.7448024923497532,958.4547583130789,0.5958333333333333,8347.145604166666,1.3679508854655071,0.8583333333333333,16685.441716666668,2.9579953859195696,0.9416666666666667,22313.890216666663,4.495927489961883,0.9791666666666666,29017.534151041666,7.0710264034890296
main,seasonal,rolling,2024-05,7345.469708333333,350902576.95273876,4819.899718634259,1.0750095261844321,1.764704182128818,2409.9498593171297,0.4625,5153.046229166666,1.1359077481949198,0.6958333333333333,10910.383645833334,2.569865023924174,0.7875,15332.914570833327,4.020786554124731,0.8375,20407.475754166666,5.944479561514343
main,seasonal,rolling,2024-06,3467.5011458333333,40504551.17018531,2083.105228263889,1.7222519492025512,2.5467761641558067,1041.5526141319447,0.5,5557.0499479166665,1.493687326293158,0.7666666666666667,12269.509245833335,4.23370974509313,0.875,19506.515145833328,6.867229196701462,0.9375,31275.55508333333,10.691382806503205
main,seasonal,rolling,2024-07,2399.2146169354837,23625926.502631955,1530.269224770385,0.9389320241016895,1.132592990163133,765.1346123851928,0.6491935483870968,5146.30564516129,2.452519428903883,0.8790322580645161,12252.144891129034,5.579606146159237,0.967741935483871,21046.554324596767,8.806527804136525,0.9838709677419355,32866.71756754032,13.41314554332773
main,seasonal,rolling,2024-08,2797.6120416666668,47264505.29175167,1691.6506466493056,0.6872904688785209,0.7664512674514504,845.8253233246528,0.6458333333333334,3619.4803854166666,2.068308915881023,0.8583333333333333,8369.855045833334,4.756824453677591,0.9333333333333333,13739.86297291666,7.982740545579861,0.9625,22655.346538541664,11.924977136035709
main,seasonal,rolling,2024-09,6386.673340517242,271582594.21002275,4356.920640876437,0.9863040448355656,1.4069899871295088,2178.4603204382183,0.5301724137931034,3523.6021228448276,1.3102227893013605,0.7198275862068966,7637.631491379311,3.56807913001577,0.8362068965517241,12287.130265086204,6.170707624240725,0.8793103448275862,19018.286469827584,8.984448907106216
main,seasonal,rolling,2024-10,6683.759784482759,244085558.22030798,3581.444577574234,0.6416955616939243,1.2106274417537104,1790.722288787117,0.5086206896551724,5423.483308189655,1.2037251653419232,0.8060344827586207,13047.032370689656,2.8098690058261075,0.8922413793103449,20192.73769396551,4.529667595540621,0.9525862068965517,31121.7087262931,6.808621072542026
main,seasonal,rolling,2024-11,8384.988928571429,302924008.09687567,4302.896706870039,0.7567317218165014,1.397163361746584,2151.4483534350197,0.53125,8249.548292410715,1.641310421784245,0.7767857142857143,18130.963977678573,3.4815637967466597,0.8839285714285714,25994.909999999996,5.145787452928023,0.9464285714285714,40686.55219642857,7.561343242571023
main,seasonal,rolling,2024-12,11353.737349137931,568284672.7933475,5650.848078166907,0.8782014320990031,1.7543760052463715,2825.4240390834534,0.49137931034482757,11425.056788793103,1.8565163317390185,0.75,24285.64067672414,4.005109867942138,0.8577586206896551,31888.88647198276,5.471289324534218,0.9396551724137931,43522.244281249994,7.395614789883451
main,seasonal,static,2023-10,9243.343687499999,385170251.7273695,5354.980048917824,1.064424200206916,1.9106562828527935,2677.490024458912,0.5375,6293.783197916667,2.1504311570641925,0.7208333333333333,15071.474616666668,4.607040484728395,0.8125,21742.326272916667,7.500332142324205,0.8833333333333333,29990.294730208334,12.309022499277054
main,seasonal,static,2023-11,7508.574447115385,292958236.02394074,4070.9737905916136,0.8076980023730245,1.370867317528416,2035.4868952958068,0.5913461538461539,8535.940961538461,1.774606300020049,0.7932692307692307,17954.628903846155,3.710923617633582,0.8894230769230769,24708.43693509615,5.56943052801237,0.9134615384615384,33003.22671514423,9.785560299850625
main,seasonal,static,2023-12,6417.56525,230390784.94779855,3820.454256903935,0.7262452922866419,1.0859233410515936,1910.2271284519677,0.5791666666666667,10497.926614583334,1.9148832385273518,0.8166666666666667,18753.864658333336,3.7822043597611708,0.9291666666666667,27217.61751041666,5.959449879840329,0.9375,36561.328692708325,10.367696502206705
main,seasonal,static,2024-01,10445.366541666668,351753634.1349448,5463.494889594907,1.0004431905688862,1.7217325898236484,2731.7474447974537,0.3958333333333333,8575.588270833334,1.360990255422432,0.6708333333333333,18872.39309166667,3.273898228771038,0.8166666666666667,27499.850762499995,5.520418951767381,0.8625,36843.232610416664,9.956962929141515
main,seasonal,static,2024-02,6675.421157407407,179563505.75263497,3274.1605999678495,0.5249390208291301,0.9874058262963935,1637.080299983925,0.6296296296296297,12299.779409722223,1.8096579623926088,0.8935185185185185,23562.05313888889,3.6669800304195865,0.9675925925925926,31578.96625694444,5.64580226857974,0.9907407407407407,40628.44544791667,9.945388987489503
main,seasonal,static,2024-03,3813.8700806451616,41371131.01826452,2277.457147059812,0.6138072145675555,0.9338714659617106,1138.728573529906,0.625,11640.607883064516,1.711630930648037,0.8951612903225806,21025.819221774196,3.347571834444379,0.9637096774193549,28216.645110887093,5.190817614709887,0.9919354838709677,36806.210773185485,9.4085019131596
main,seasonal,static,2024-04,3357.4260416666666,49368682.629729584,1915.5778412442128,0.44941201705482586,0.7448024923497532,957.7889206221066,0.575,8206.623062499999,1.3549793489153332,0.8583333333333333,16758.416508333336,2.976725985944102,0.9583333333333334,23382.436481249995,4.897070506376798,0.9875,31584.926303124998,9.147860508065403
main,seasonal,static,2024-05,7345.469708333333,350902576.95273876,4516.011145480324,1.039381017592109,1.764704182128818,2258.0055727401623,0.4875,5178.958041666667,1.1381108871969643,0.7333333333333333,11107.794308333336,2.599193460227384,0.8166666666666667,17257.549337499997,4.320910568297687,0.9,25251.197069791666,8.448087271083962
main,seasonal,static,2024-06,3467.5011458333333,40504551.17018531,2083.8486521354166,1.7510721931801618,2.5467761641558067,1041.9243260677083,0.4875,5435.087447916667,1.4674179556121827,0.775,12217.929837500002,4.198255047191657,0.8958333333333334,19764.741656249993,6.410384614287149,0.9166666666666666,28610.811076041664,10.785580078730757
main,seasonal,static,2024-07,2399.2146169354837,23625926.502631955,1489.020306171595,0.8845771311388444,1.132592990163133,744.5101530857976,0.6048387096774194,4887.5245564516135,2.3934471550499046,0.8669354838709677,11943.775637096776,5.363819559985897,0.9596774193548387,20262.919393145155,7.767464585171305,0.9879032258064516,29554.93530846774,12.274502684729708
main,seasonal,static,2024-08,2797.6120416666668,47264505.29175167,1651.8890768344907,0.6547921472483389,0.7664512674514504,825.9445384172454,0.6208333333333333,3446.6512187499998,2.048197094458921,0.8541666666666666,8147.246758333335,4.620687795713521,0.9541666666666667,14618.257397916665,7.120207835238746,0.975,22922.242521875,11.702574059893015
main,seasonal,static,2024-09,6386.673340517242,271582594.21002275,4249.80493149545,0.9660750683422354,1.4069899871295088,2124.9024657477253,0.5301724137931034,3410.3717887931034,1.3007487912053306,0.7241379310344828,7561.315987068966,3.5200053380961536,0.8448275862068966,13512.740349137928,5.985988696661672,0.8879310344827587,21529.347893318965,10.54639091007958
main,seasonal,static,2024-10,6683.759784482759,244085558.22030798,3602.9799676784005,0.6701612413591553,1.2106274417537104,1801.4899838392005,0.4956896551724138,5280.494353448275,1.1880787857655064,0.7456896551724138,11695.522211206899,2.5843985297652,0.8879310344827587,18915.13298491379,4.635230543068195,0.9439655172413793,27620.412470905172,8.991688130395822
main,seasonal,static,2024-11,8384.988928571429,302924008.09687567,4530.8648850632435,0.8165227037746303,1.397163361746584,2265.432442531622,0.49107142857142855,7631.783136160715,1.5380695450748978,0.7098214285714286,15243.527776785717,2.9998550115041263,0.8660714285714286,22736.886950892855,5.021898836470783,0.9017857142857143,31585.73499441964,9.362149487515278
main,seasonal,static,2024-12,11353.737349137931,568284672.7933475,6003.475864834771,0.9516362210647314,1.7543760052463715,3001.7379324173853,0.4353448275862069,10519.84338362069,1.7042151154042835,0.6896551724137931,20122.217603448276,3.4162468961251173,0.8275862068965517,27271.56642241379,5.21639545791683,0.896551724137931,35639.843661637926,9.381837383621983
main,transformer,adaptive,2023-10,8808.64526802063,330535520.5985715,4540.55469297172,0.9378099074695209,1.7504258105237753,2270.27734648586,0.4791666666666667,6960.599389786919,0.9737416051256695,0.7708333333333334,15963.881533946354,3.666262192731867,0.875,26868.36242168973,6.560821449862431,0.9666666666666667,36463.29416826884,11.945065117421763
main,transformer,adaptive,2023-11,7698.347543725234,279378653.72876453,4112.839273047003,0.7577767529034705,1.3493116942506258,2056.419636523502,0.5432692307692307,8020.385544549501,1.2147336288769426,0.8605769230769231,17966.917532339223,3.48598043745682,0.9423076923076923,30866.68825471894,6.259069773929018,0.9615384615384616,37208.423749207715,8.427109941589062
main,transformer,adaptive,2023-12,7006.078260469278,229790030.20225954,3631.3537541328183,0.6464127264508693,1.0890794618727886,1815.6768770664094,0.6458333333333334,9530.45243501997,1.4495050349420475,0.9041666666666667,19421.980433412165,3.6870514992718326,0.9541666666666667,32205.523795048714,6.130924946806757,0.9625,39641.04156207275,8.490499850715157
main,transformer,adaptive,2024-01,8894.699979731322,228378928.36021358,4150.86199018765,0.759386523119582,1.4790089272622062,2075.430995093825,0.65,13361.708509236772,2.227362419134115,0.8583333333333333,24157.874600106083,4.576432062816434,0.95,36982.89028528786,7.510360474910161,0.9833333333333333,49578.6792273229,10.433337706108757
main,transformer,adaptive,2024-02,7147.061311823119,165916052.74450856,3181.0810074718815,0.5274459452250794,1.0456763936316642,1590.5405037359408,0.5925925925925926,10700.420135794524,1.6049487724473608,0.8703703703703703,18862.278517688424,3.459333432794181,0.9444444444444444,27223.73690835741,5.587379101499651,0.9953703703703703,36138.51620597557,7.845695061450312
main,transformer,adaptive,2024-03,3446.5598769207154,36980541.59114678,1728.491728731956,0.553780118425361,0.9062819895595061,864.2458643659782,0.7379032258064516,7762.438802072694,1.429075473727307,0.9314516129032258,13111.179711125436,3.1572836223722134,0.9758064516129032,18940.071297692946,5.122314270768544,0.9838709677419355,24563.405721184517,7.005284321614312
main,transformer,adaptive,2024-04,3498.795854685068,64904243.22973391,1961.7829923630395,0.5253023782358248,0.8852060689451552,980.89149618152,0.6541666666666667,5100.841658292611,1.4290906259047547,0.8791666666666667,9707.877221352259,3.3079330744999713,0.9291666666666667,14378.219521733921,5.30333779016844,0.9666666666666667,19169.132852864583,7.315998994051015
main,transformer,adaptive,2024-05,7593.388335215251,379020868.31702334,5204.090979789935,1.2006677563658152,1.7895027357694426,2602.0454898949674,0.6,4498.323886242945,1.3226769855814697,0.7875,9062.421414859295,3.1726259784803306,0.8458333333333333,14388.290910793981,5.1970576950392235,0.875,21780.74362123362,7.550697338477843
main,transformer,adaptive,2024-06,3423.5703478302557,46548549.767370485,1905.1077217205814,1.5649259126269284,2.445640235637953,952.5538608602908,0.6166666666666667,4916.834252043019,1.3684981875973687,0.8458333333333333,10530.97673608462,3.297217248414384,0.9083333333333333,18643.573825391133,5.78276088956035,0.9458333333333333,35334.17532496134,9.841664181640198
main,transformer,adaptive,2024-07,1985.9284122299377,23859296.861852992,1158.3162640863225,0.8016028563348215,1.1691247706196592,579.1581320431612,0.625,2588.965377984028,1.2343013227912378,0.907258064516129,6316.337756784886,3.004989862952693,0.9637096774193549,12541.821435945187,6.279196516449657,0.9879032258064516,24236.298030518563,9.534089613430831
main,transformer,adaptive,2024-08,2613.1763637919425,46563774.996544205,1541.8500203473652,0.4984995246733803,0.7603173559524523,770.9250101736827,0.6125,2610.7178719979524,0.6789047676027169,0.8541666666666666,5549.224018837561,1.9269783223034729,0.9375,9727.311742290358,4.71143743225827,0.975,17181.389155151366,7.269165026120793
main,transformer,adaptive,2024-09,6290.617835108,256684209.30152214,4038.3361803482635,0.8846842935309785,1.3988845962732954,2019.1680901741317,0.5043103448275862,4615.24961170215,0.731633195347874,0.7456896551724138,9150.321668974695,1.8857844277769693,0.8663793103448276,13934.78803943404,4.013466327681212,0.9181034482758621,20972.986212275275,6.4321781073909206
main,transformer,adaptive,2024-10,6606.4509252584385,222207485.5846512,3385.1813307699513,0.6240198253646716,1.1828653150004371,1692.5906653849756,0.5,6404.637712430865,0.9955450799652982,0.8017241379310345,13061.001538737333,2.5722890424904543,0.9353448275862069,20222.591373469913,4.547494086444704,0.9870689655172413,32654.52346020929,7.297629157014557
main,transformer,adaptive,2024-11,7359.1165587762425,229514290.7866672,3731.847325862108,0.6658901800384512,1.2605242787364446,1865.923662931054,0.53125,9339.551352669618,1.4389992566166006,0.7857142857142857,18852.952499241852,3.2714980309549078,0.9241071428571429,26909.46626879079,5.191120023806085,0.9598214285714286,40911.14780228206,8.054209603379102
main,transformer,adaptive,2024-12,12009.338333588963,598010742.8212155,6336.376427011446,0.9661386162433555,1.8284114908693727,3168.188213505723,0.43103448275862066,10021.609313224595,1.4701209451820507,0.6853448275862069,19708.136724479773,3.0826759311176137,0.8318965517241379,25980.54456856366,4.594678688676011,0.896551724137931,36881.799415983005,7.069649830136158
main,transformer,raw,2023-10,8808.64526802063,330535520.5985715,5219.4855135953685,1.1286055126608445,1.7504258105237753,2609.7427567976843,0.4708333333333333,6792.250850797494,0.9355683166520935,0.6583333333333333,12750.936041589577,1.9490790459813618,0.7666666666666667,17520.83555271695,3.1898217989332474,0.8291666666666667,22520.29906092326,4.676659839639976
main,transformer,raw,2023-11,7698.347543725234,279378653.72876453,4297.406960360236,0.7950869631205968,1.3493116942506258,2148.7034801801183,0.49038461538461536,7714.264536378819,1.1085371357804497,0.7692307692307693,14764.961009909499,2.4199578445970022,0.8894230769230769,20210.082756172123,3.8844736922994523,0.9230769230769231,25633.83308130411,5.497335051243198
main,transformer,raw,2023-12,7006.078260469278,229790030.20225954,3878.742754581664,0.6634697497872458,1.0890794618727886,1939.3713772908325,0.5083333333333333,7769.168374700149,1.154532262004536,0.7791666666666667,14800.392767935842,2.541531557707738,0.8541666666666666,20086.469767189024,4.000657113881493,0.8916666666666667,25417.75315464338,5.562192685529143
main,transformer,raw,2024-01,8894.699979731322,228378928.36021358,4214.745505332141,0.7716376529560613,1.4790089272622065,2107.3727526660705,0.5333333333333333,11263.121904342772,1.916645465339769,0.7916666666666666,22032.381093291442,4.231152887383664,0.8916666666666667,29864.778236121336,6.323542276588936,0.9291666666666667,37473.31304902076,8.470685093490914
main,transformer,raw,2024-02,7147.061311823119,165916052.74450856,3257.340243095182,0.5388592623722056,1.0456763936316642,1628.670121547591,0.4861111111111111,8549.461557039067,1.3043040922525948,0.7870370370370371,16799.100750693127,3.0799233685021656,0.8703703703703703,22908.609944673713,4.816156497341642,0.9166666666666666,28936.872650845846,6.594027938616562
main,transformer,raw,2024-03,3446.5598769207154,36980541.59114678,1675.9392982024146,0.5436656039336839,0.9062819895595061,837.9696491012074,0.6048387096774194,6269.922671745286,1.2182441647529592,0.8951612903225806,11949.055213194892,2.934109132851826,0.9596774193548387,16636.93348393594,4.668219290728174,0.9717741935483871,21492.178690092027,6.479143039992808
main,transformer,raw,2024-04,3498.795854685068,64904243.22973391,1966.9523310599327,0.5268672291644982,0.8852060689451552,983.4761655299664,0.5833333333333334,4531.6796897276245,1.3388864962238012,0.8708333333333333,9245.565112375418,3.2075288151435046,0.9208333333333333,13397.129903012912,5.0777355362817564,0.9625,17669.106584803263,7.035788699933727
main,transformer,raw,2024-05,7593.388335215251,379020868.31702334,5277.292767517167,1.2176207639034367,1.7895027357694426,2638.6463837585834,0.5791666666666667,4284.477415301402,1.2866070318258047,0.7833333333333333,8675.122887997628,3.091357885171712,0.8375,12535.823482550979,4.855609530811818,0.8708333333333333,16509.64879110972,6.6837851249539675
main,transformer,raw,2024-06,3423.5703478302557,46548549.767370485,1855.9671430400042,1.5921671576542107,2.445640235637953,927.9835715200022,0.5958333333333333,4839.215012982935,1.352306785882092,0.8375,9780.43512865742,3.134832077701146,0.8875,14184.435093549091,4.872501149016838,0.9166666666666666,18691.11080174764,6.6710245197923825
main,transformer,raw,2024-07,1985.9284122299377,23859296.861852992,1077.1507594453424,0.7837031615159334,1.1691247706196592,538.5753797226712,0.6169354838709677,2559.087820506,1.222156826251512,0.907258064516129,5973.631378830248,2.8877544185778854,0.9395161290322581,9148.834850852336,4.472873258311008,0.9717741935483871,12449.139908649076,6.129919546716299
main,transformer,raw,2024-08,2613.1763637919425,46563774.996544205,1584.7717334617641,0.4880319259502354,0.7603173559524523,792.3858667308821,0.6041666666666666,2602.5783764990174,0.6771197326230546,0.8541666666666666,5549.224018837561,1.9269783223034729,0.9291666666666667,8263.65694131583,3.2714346544239943,0.95,11119.929614664714,4.7097924227098416
main,transformer,raw,2024-09,6290.617835108,256684209.30152214,4156.012728080017,0.9019446048467518,1.3988845962732954,2078.006364040009,0.5,4591.558139874915,0.7255762627016494,0.7413793103448276,8658.012887120658,1.7788823865192482,0.8275862068965517,12017.169868313033,3.0649219856116656,0.9094827586206896,15558.252785288054,4.453628402139517
main,transformer,raw,2024-10,6606.4509252584385,222207485.5846512,3603.13868952932,0.6665549067646728,1.1828653150004371,1801.56934476466,0.4870689655172414,6279.513233364566,0.9668972956846662,0.7801724137931034,11717.52209084784,2.2964697806037577,0.8836206896551724,16087.956417281051,3.7761141880914644,0.9439655172413793,20632.278129314553,5.337860695959424
main,transformer,raw,2024-11,7359.1165587762425,229514290.7866672,3804.6260053598776,0.6833819524183845,1.2605242787364446,1902.3130026799388,0.48214285714285715,8389.940125990872,1.2501663855708078,0.75,16124.190690341698,2.7418119835254977,0.8839285714285714,22119.337588518007,4.368172822926317,0.9330357142857143,28073.542393057687,6.097713608001114
main,transformer,raw,2024-12,12009.338333588963,598010742.8212155,6903.031109545149,1.0583970416685267,1.8284114908693727,3451.5155547725744,0.36637931034482757,8500.41334337366,1.1608828378551315,0.6120689655172413,16231.287749552726,2.496553325487236,0.7758620689655172,21991.832362701152,3.961864847748251,0.8232758620689655,27776.704626915373,5.560403135899302
main,transformer,rolling,2023-10,8808.64526802063,330535520.5985715,4560.056005796059,0.9442135276558374,1.7504258105237753,2280.0280028980296,0.4791666666666667,6902.917309242487,0.9563340703962702,0.7666666666666667,15085.159315675099,3.603053061709822,0.875,26356.377508491896,6.6693317380852895,0.9666666666666667,36242.02789304098,11.91292612711664
main,transformer,rolling,2023-11,7698.347543725234,279378653.72876453,4118.8592553479375,0.7630018428408387,1.3493116942506258,2059.4296276739688,0.5288461538461539,7897.445749172797,1.1553917236052813,0.8509615384615384,16880.231611209594,3.3904439048025385,0.9423076923076923,30047.081575007967,6.365912497561287,0.9567307692307693,37349.46251704876,8.502998020773166
main,transformer,rolling,2023-12,7006.078260469278,229790030.20225954,3593.1967124970015,0.6446818277234017,1.0890794618727886,1796.598356248501,0.5958333333333333,9108.083973073482,1.3710516278120635,0.9,18743.525428552875,3.677243988802752,0.9541666666666667,31517.818673868496,6.504753925719995,0.9625,38526.90374561564,8.415755627041019
main,transformer,rolling,2024-01,8894.699979731322,228378928.36021358,4177.796268010413,0.7677841572096783,1.4790089272622062,2088.8981340052064,0.6416666666666667,13043.166731536983,2.1843038188915793,0.8583333333333333,23837.188906675183,4.566448576936227,0.9416666666666667,36729.75939215851,7.581584646607222,0.9833333333333333,49529.99313352712,10.900411001908308
main,transformer,rolling,2024-02,7147.061311823119,165916052.74450856,3193.818685427054,0.528839666591187,1.0456763936316642,1596.9093427135272,0.5787037037037037,10324.42431245711,1.5587827102442005,0.8518518518518519,18633.65887717419,3.4062842230489676,0.9444444444444444,26887.200203436394,5.515593077848619,0.9953703703703703,37617.9053028361,8.084920983242617
main,transformer,rolling,2024-03,3446.5598769207154,36980541.59114678,1729.5383434556609,0.5543242592180629,0.9062819895595061,864.7691717278306,0.7338709677419355,7535.356873674931,1.3996556146313905,0.9354838709677419,13247.797107971099,3.1788167305667945,0.9758064516129032,18838.232245340037,5.09359722165866,0.9879032258064516,25443.30923661263,7.213506193123654
main,transformer,rolling,2024-04,3498.795854685068,64904243.22973391,1952.6603356873618,0.523084589267094,0.8852060689451552,976.3301678436809,0.65,5038.452483945687,1.4182997272863893,0.8833333333333333,10072.538748428027,3.3887080702526315,0.9333333333333333,14498.16606265672,5.319893960162151,0.975,19498.86828247579,7.374555644306872
main,transformer,rolling,2024-05,7593.388335215251,379020868.31702334,5166.06733501037,1.1938209517387335,1.7895027357694426,2583.033667505185,0.6,4474.965337859233,1.3181722198583936,0.7875,9104.136561241945,3.1774732359967763,0.8458333333333333,13981.74698480928,5.109560433536653,0.875,20895.4540422287,7.619770944244835
main,transformer,rolling,2024-06,3423.5703478302557,46548549.767370485,1884.8286040162604,1.5436349699094067,2.445640235637953,942.4143020081303,0.6041666666666666,4878.651695747624,1.3600490564123213,0.8458333333333333,10410.1645297122,3.282910711539861,0.9125,17766.268173383076,5.794068988014625,0.9583333333333334,33043.014955444334,10.087244359495996
main,transformer,rolling,2024-07,1985.9284122299377,23859296.861852992,1165.4341157397391,0.8156690955321819,1.1691247706196592,582.7170578698698,0.625,2569.650271388696,1.2244711993733217,0.907258064516129,6533.868160092062,3.9984220753459554,0.967741935483871,12335.606795286363,6.440190267675696,0.9919354838709677,26157.628325259302,10.22586526889451
main,transformer,rolling,2024-08,2613.1763637919425,46563774.996544205,1542.877942005571,0.528737305756595,0.7603173559524523,771.4389710027855,0.6041666666666666,2603.3346827495097,0.6773037918488456,0.8541666666666666,5803.844479093502,3.0797225236088708,0.9375,9776.145437063713,5.042055787362267,0.9833333333333333,19707.242382710778,8.002295783178381
main,transformer,rolling,2024-09,6290.617835108,256684209.30152214,4066.4856961737737,0.8924914905458722,1.3988845962732954,2033.2428480868869,0.5,4598.445493418081,0.7273101756468621,0.771551724137931,9187.163287141651,2.4463522738564394,0.8663793103448276,13329.542609910965,4.464014623302423,0.9267241379310345,19932.53450192287,6.805470768602227
main,transformer,rolling,2024-10,6606.4509252584385,222207485.5846512,3404.6563723461036,0.6320850402144876,1.1828653150004371,1702.328186173052,0.49137931034482757,6322.93217685008,0.9763726005031602,0.8060344827586207,12904.560517212707,2.5304402881784207,0.9267241379310345,19449.845019063618,4.5776357423115845,0.9741379310344828,30899.741602204424,7.171699382210078
main,transformer,rolling,2024-11,7359.1165587762425,229514290.7866672,3731.736295337841,0.6698291861538236,1.2605242787364446,1865.868147668921,0.5133928571428571,8965.395122440905,1.3599531662975435,0.7857142857142857,18478.934066238082,3.1778639375815425,0.9285714285714286,27001.484058487076,5.303625361972934,0.9642857142857143,43334.0065795299,8.261210787607455
main,transformer,rolling,2024-12,12009.338333588963,598010742.8212155,6342.919231205616,0.9654421285258347,1.8284114908693727,3171.459615602808,0.4267241379310345,9472.149171615469,1.367060384725782,0.7112068965517241,19287.329201748784,3.0028917718086463,0.8448275862068966,26501.2246218461,4.652504620456147,0.9051724137931034,38186.05164866744,7.095849219702056
main,transformer,static,2023-10,8808.64526802063,330535520.5985715,4553.856428424075,0.9318058726069746,1.7504258105237753,2276.9282142120373,0.48333333333333334,6896.889270120462,0.9594157657397206,0.775,14979.647641582489,3.799520850951234,0.8791666666666667,25718.282064278028,6.843964806722079,0.9708333333333333,36658.429507624314,11.947135090589759
main,transformer,static,2023-11,7698.347543725234,279378653.72876453,4093.621048875208,0.8062589560559599,1.3493116942506258,2046.810524437604,0.5144230769230769,7816.166306139758,1.1309121713160601,0.8557692307692307,17136.764299917166,4.298274793422215,0.9423076923076923,28516.64700246533,7.552455185636707,0.9615384615384616,39880.88082589369,12.78030883465065
main,transformer,static,2023-12,7006.078260469278,229790030.20225954,3678.4233881062014,0.7168998726286375,1.0890794618727886,1839.211694053101,0.525,7888.768371315798,1.1808261661102886,0.8875,17179.63632140979,4.420273537759658,0.95,28408.53132446766,7.671126612355934,0.9666666666666667,39655.50030563354,12.844397854911353
main,transformer,static,2024-01,8894.699979731322,228378928.36021358,4266.500023794401,0.8601478517311564,1.4790089272622062,2133.250011897201,0.5458333333333333,11382.814379699827,1.9433442561672125,0.8583333333333333,24590.64911910852,6.142330566756505,0.9458333333333333,38270.70872435888,10.007465374675968,0.9708333333333333,51779.487653821314,15.763684258782304
main,transformer,static,2024-02,7147.061311823119,165916052.74450856,3262.212413546888,0.620992445453159,1.0456763936316642,1631.1062067734442,0.5,8670.349164948419,1.331280440869787,0.8611111111111112,19218.471381473322,4.965900470782267,0.9814814814814815,31219.658612300733,8.48680093744365,1.0,43155.415801154246,13.87520167436243
main,transformer,static,2024-03,3446.5598769207154,36980541.59114678,1824.3255079362084,0.5719855835587379,0.9062819895595061,912.1627539681043,0.6169354838709677,6385.406027408953,1.2445978095379497,0.9475806451612904,14109.637111482312,4.775731314193448,0.9879032258064516,24774.948776780406,8.316915878493473,1.0,35609.49111960626,13.747490091677731
main,transformer,static,2024-04,3498.795854685068,64904243.22973391,1917.728336043623,0.5956688236217711,0.8852060689451552,958.8641680218116,0.5958333333333333,4630.487560350895,1.3623850749892943,0.9041666666666667,11369.362218666873,5.0433162396467965,0.975,21529.344873843194,8.725602131825022,1.0,31780.81790072123,14.303322188253048
main,transformer,static,2024-05,7593.388335215251,379020868.31702334,4598.39924972273,1.107660230062477,1.7895027357694426,2299.199624861365,0.6041666666666666,4380.635871202151,1.3095773748564752,0.8166666666666667,10813.736649443308,4.929454244096939,0.9,20687.4442217948,8.505092841955504,0.9458333333333333,30627.7832961146,13.95176755279358
main,transformer,static,2024-06,3423.5703478302557,46548549.767370485,1948.2424965819964,1.6891249305368345,2.445640235637953,974.1212482909983,0.625,4929.636055277438,1.37388623102876,0.8708333333333333,11903.824687982004,4.97052688433101,0.9125,22316.557215741475,8.52034175204493,0.925,32802.82211766561,13.938558008111704
main,transformer,static,2024-07,1985.9284122299377,23859296.861852992,1196.9324401950496,0.7565822131157678,1.1691247706196592,598.4662200975249,0.6532258064516129,2646.262712141006,1.2428275276385765,0.9354838709677419,8097.446314744411,4.723568307271957,0.9798387096774194,17281.009982995067,8.120728701211497,0.9919354838709677,26560.851224567046,13.39745303503562
main,transformer,static,2024-08,2613.1763637919425,46563774.996544205,1481.0281134780193,0.5031908638639649,0.7603173559524523,740.5140567390098,0.6541666666666667,2700.4491208358604,0.7007003001914168,0.9125,7682.672655787418,3.7635239298075547,0.9791666666666666,16398.61970240911,6.919473971179852,0.9958333333333333,25231.640930582686,11.977325911029164
main,transformer,static,2024-09,6290.617835108,256684209.30152214,3737.4764111288287,0.8493636951085353,1.3988845962732954,1868.7382055644143,0.5129310344827587,4712.44629388503,0.7530027216681356,0.8060344827586207,10824.882689187854,3.619694504561448,0.9094827586206896,20195.289834517447,6.716460821269632,0.9439655172413793,29684.652647320974,11.722271581236136
main,transformer,static,2024-10,6606.4509252584385,222207485.5846512,3397.3319749159773,0.7033345794569117,1.1828653150004371,1698.6659874579886,0.521551724137931,6390.006073932504,0.9920991737105243,0.8362068965517241,13875.744313494193,4.13745592288677,0.9655172413793104,24246.75054726436,7.4265034145562465,0.978448275862069,34753.800428771974,12.606455722910523
main,transformer,static,2024-11,7359.1165587762425,229514290.7866672,3714.4199075635483,0.7522705495091943,1.2605242787364446,1857.2099537817744,0.5089285714285714,8499.742905946288,1.274874007171944,0.7991071428571429,18504.55451624702,4.626017982971474,0.9330357142857143,30449.46287937505,8.040737402158182,0.9732142857142857,42328.35317647116,13.383138877761287
main,transformer,static,2024-12,12009.338333588963,598010742.8212155,6263.059666440131,1.0557025421354607,1.8284114908693727,3131.5298332200655,0.3879310344827586,8609.490945335914,1.18504383361951,0.7068965517241379,18659.84500006232,4.3869201701326865,0.8663793103448276,30354.472372119177,7.63774461160059,0.9267241379310345,42041.14839152632,12.846746648713134
no_target_history,lgbm,raw,2023-10,8828.21839344881,326597235.6923828,5223.172717051589,1.1090580318345313,1.7823057970813931,2611.5863585257944,0.4875,7338.436892761281,1.2215164608503268,0.6708333333333333,12273.60294038496,2.2451250260544118,0.7333333333333333,14581.931100077523,2.9109345225035756,0.8208333333333333,19045.194215485757,4.162511402469702
no_target_history,lgbm,raw,2023-11,7737.238761091298,282711032.180989,4341.508119326152,0.8270959034560512,1.395385433930919,2170.754059663076,0.42788461538461536,8193.228644440022,1.284431163251398,0.7692307692307693,14336.064958508281,2.6996594105057374,0.8461538461538461,18348.93121960679,3.7758632957506046,0.9182692307692307,22472.785651136797,4.908062286289232
no_target_history,lgbm,raw,2023-12,7568.109271823216,243007248.26946172,4126.89234677972,0.7274916472943875,1.2039227326580015,2063.44617338986,0.3875,9446.597831713174,1.5981088968418327,0.7125,16733.63004012989,3.3201358440554927,0.825,23099.37426714548,4.8288200523628415,0.9291666666666667,31031.68861933065,6.646369186572628
no_target_history,lgbm,raw,2024-01,9366.453369502333,252640914.4198869,4404.055563430064,0.8396936070321477,1.5679758992205164,2202.0277817150322,0.4708333333333333,10728.879590187553,1.986573685160125,0.675,19856.340975529576,4.092420158043008,0.8125,26783.00979918839,5.8380802717982725,0.9,30178.26789943352,6.907280410794926
no_target_history,lgbm,raw,2024-02,7601.7510533804925,160352869.1426493,3222.0339534202103,0.5660142660839438,1.1589441813589731,1611.0169767101052,0.4861111111111111,11532.283274504518,1.9859544743694046,0.8101851851851852,23148.452879918008,4.484036179190304,0.8703703703703703,27471.61537506741,5.924918096958444,0.9861111111111112,31739.681175108766,7.30131861279127
no_target_history,lgbm,raw,2024-03,4437.247860299804,48573958.87386666,2168.8931375460334,0.6133596063682275,1.0260057003936922,1084.446568773017,0.5362903225806451,9966.703534097009,1.6157145067551055,0.8064516129032258,18691.327075284087,3.5014426742958937,0.8588709677419355,22746.21736176151,4.6757100779980405,0.9758064516129032,27405.26927675024,6.284596867346628
no_target_history,lgbm,raw,2024-04,3594.056439182839,50664882.95098722,1930.4777680478203,0.4780182530705715,0.7794930841451527,965.2388840239103,0.5583333333333333,7271.9039634129595,1.5907989173737982,0.875,15973.936828356544,3.700321836774963,0.925,20482.013511291647,4.879094410418234,0.9625,25415.482390899877,6.603601699596183
no_target_history,lgbm,raw,2024-05,7253.923706731457,352146901.6191994,4243.989575042481,1.1491221351241663,1.8207748486936899,2121.9947875212406,0.4083333333333333,5219.2920011061815,2.245404170343113,0.7625,13314.39282884653,4.901388507686488,0.9083333333333333,21683.87716395806,7.173131412377088,0.9583333333333334,30223.425884688437,9.346021015288965
no_target_history,lgbm,raw,2024-06,3220.9857221061256,44246913.562625036,1779.1730929370765,1.7507149282834462,2.4689013892402567,889.5865464685384,0.3958333333333333,3343.3287573005273,1.497186479626663,0.7291666666666666,6911.3448682037515,3.2229686623892473,0.8375,12431.499679633758,4.812564725878472,0.8625,16814.91768463289,5.832627741767781
no_target_history,lgbm,raw,2024-07,1984.0208368813787,22018002.90832277,1223.5574516841814,0.8778186148141112,1.0858260420613355,611.7787258420908,0.4798387096774194,2178.695731661315,0.8628836830291524,0.7943548387096774,4854.0556663046555,2.065330540454975,0.907258064516129,8841.667320506433,2.971252464772875,0.9556451612903226,17480.659174058605,4.883743653233487
no_target_history,lgbm,raw,2024-08,2696.1813889308623,45017065.46185916,1538.3980774747486,0.47155086642536725,0.7793759636332642,769.1990387373745,0.5833333333333334,3059.8863944313507,1.1239020474359884,0.8416666666666667,7589.34841534575,2.3425908511584805,0.9083333333333333,10015.952355995081,3.1472065017230597,0.9333333333333333,12986.61055264982,4.200205865695197
no_target_history,lgbm,raw,2024-09,6373.812392699137,253504715.01767296,4155.470619975782,0.9533672610613059,1.419765670193255,2077.735309987891,0.44396551724137934,3754.088659506365,0.7253489881353208,0.728448275862069,8748.088604406503,1.9234828496591525,0.8017241379310345,12076.056443441752,2.7668986991319575,0.8577586206896551,15479.622159218585,3.8540111846579
no_target_history,lgbm,raw,2024-10,6852.08685855552,240295011.3015759,4188.653194067219,0.8101895709657485,1.2860824099549544,2094.3265970336097,0.4698275862068966,6473.138154227556,1.4119044545953845,0.7413793103448276,11175.887143478092,2.739752183170377,0.8232758620689655,14246.77571551304,3.6520156029733872,0.8879310344827587,17922.48481143816,4.699379060205495
no_target_history,lgbm,raw,2024-11,8773.125057565912,268252292.32083026,4139.616851648697,0.7446344834802713,1.4981384245165135,2069.8084258243484,0.4419642857142857,12230.341832503667,1.9422328053212425,0.7455357142857143,19634.02297929322,3.603395822433009,0.8571428571428571,24734.50423086674,4.895056286504817,0.9508928571428571,30617.005717485623,6.32330765116402
no_target_history,lgbm,raw,2024-12,11658.941979429008,613704344.8031518,6791.337422655181,1.062339253729242,1.8318620224190956,3395.6687113275916,0.3922413793103448,9642.512874684844,1.5949480641318632,0.6681034482758621,16640.94223654948,3.1754441735094905,0.7844827586206896,21080.35708760339,4.311543007636769,0.8879310344827587,28344.43188543135,5.995521073846913
realized_oracle,lgbm,raw,2023-10,6752.608127008908,171407887.86810303,3479.172110608805,0.7647755987681372,1.4592263065245916,1739.5860553044024,0.4791666666666667,8334.653033609622,1.5258246786537661,0.7416666666666667,15312.93950391912,3.004237732876431,0.8541666666666666,18616.284729754258,3.8968072546996457,0.8958333333333334,21142.84124716899,4.5964961095466395
realized_oracle,lgbm,raw,2023-11,7361.57156793212,175062393.71029982,3519.647821466663,0.6874004878285737,1.2622129130283999,1759.8239107333316,0.40384615384615385,10960.541608709253,1.878089390255925,0.7692307692307693,19409.549240605054,3.633385587758842,0.8653846153846154,22701.058283110386,4.510208384867129,0.9423076923076923,25041.934584343417,5.168296727009457
realized_oracle,lgbm,raw,2023-12,7228.933123664877,176275542.48874685,3353.95445055243,0.5835054480292435,1.1086929670169483,1676.977225276215,0.32083333333333336,8923.970336996026,1.3782629274917804,0.7291666666666666,17997.89439335431,3.008552840528468,0.8666666666666667,22116.5548707183,4.306600914430779,0.9541666666666667,25032.726504911123,5.197830143167161
realized_oracle,lgbm,raw,2024-01,7464.876163294097,160255296.4195791,3911.7437348578505,0.7305434158113285,1.3112074895962391,1955.8718674289255,0.4166666666666667,11520.368010579963,1.7988577144505327,0.6875,21139.83629379087,3.6025395414564687,0.7666666666666667,25422.808286745665,5.157152161551813,0.9125,28971.711310675488,6.218930740130278
realized_oracle,lgbm,raw,2024-02,6999.744011287945,139002087.69415176,3051.7104123112076,0.4919104806633243,1.0385304996947462,1525.855206155604,0.4074074074074074,11418.846236316449,1.7696503536460928,0.7731481481481481,21841.225647949563,3.7503269460410444,0.8888888888888888,25993.516604594606,5.004396623261267,0.9861111111111112,28987.606834422557,6.0473191233175
realized_oracle,lgbm,raw,2024-03,4586.528653735056,63249839.50687055,2044.5979309854902,0.5535330258013544,0.9896661815971959,1022.2989654927452,0.3951612903225806,8065.2943553796895,1.229311547817,0.7661290322580645,13891.483284069014,2.5455321816487206,0.8830645161290323,17730.765407276038,3.902316333042559,0.9717741935483871,21870.528036265907,5.042822312564962
realized_oracle,lgbm,raw,2024-04,3518.6549188543217,51320460.71177506,1801.2392454868618,0.41184556407171374,0.7350450992865329,900.619622743431,0.49583333333333335,7679.779245392345,1.407796035472913,0.8291666666666667,13869.21374344212,3.239041165531923,0.9458333333333333,17290.642203483818,4.314283070998405,0.9708333333333333,22867.759098185874,5.679269230729153
realized_oracle,lgbm,raw,2024-05,6090.14396747681,247099101.29351622,3488.662476348129,0.9716642905252971,1.6037843001310983,1744.3312381740648,0.38333333333333336,6465.243508342913,1.3053055103550428,0.7833333333333333,12515.589189585715,3.736798858079458,0.9,16498.567785911015,5.3079343808876365,0.9416666666666667,23855.117373476085,7.805789187335515
realized_oracle,lgbm,raw,2024-06,2719.237847041943,30612341.99469887,1452.80476477497,1.477996081543705,2.3971140101428587,726.4023823874851,0.4625,4269.693823920539,1.1902517513687145,0.7125,7910.629299249743,3.1717761809742084,0.8541666666666666,11330.936902346555,4.602415874437581,0.9,16860.495486535732,6.359031513178198
realized_oracle,lgbm,raw,2024-07,1879.7358346921476,15511966.857814487,1142.6074773706382,0.7782483034371095,1.0376105523703318,571.3037386853192,0.5080645161290323,4452.484951057061,1.1174587716252842,0.7540322580645161,8569.734096119711,3.029636521867362,0.907258064516129,12263.350315569058,4.374369935543027,0.9637096774193549,19695.7220279266,6.1195408355920975
realized_oracle,lgbm,raw,2024-08,2288.7825769218775,34092757.94421682,1443.3264157620422,0.44500380139606316,0.6906575435459198,721.6632078810211,0.49583333333333335,5518.975154455143,1.051877965277908,0.8083333333333333,10766.093186598478,2.558631670633349,0.8958333333333334,13795.99273305556,3.530652105042198,0.9458333333333333,18299.187117749443,4.825654672673797
realized_oracle,lgbm,raw,2024-09,5757.801435841764,185205925.89226335,3333.433756313067,0.7696748490731636,1.3298446442615643,1666.7168781565335,0.47844827586206895,7683.364527924741,1.43141076133525,0.7327586206896551,12670.44436533798,2.890390532538021,0.8275862068965517,16375.126764792354,3.994547694969237,0.896551724137931,19575.26004366485,4.864783051026362
realized_oracle,lgbm,raw,2024-10,5308.4699241338085,137921082.89473295,2954.1339960472387,0.5757309840293217,1.0044836904138204,1477.0669980236194,0.3577586206896552,5897.95068824451,0.9978463559263192,0.7155172413793104,10107.879226351304,2.2773736729580842,0.8491379310344828,13366.380740927063,3.2451786504276052,0.9181034482758621,15889.004271650572,4.028005092096699
realized_oracle,lgbm,raw,2024-11,5781.676961173211,132875634.73063938,2777.5969152476127,0.5376457572702991,1.0502979767724334,1388.7984576238066,0.4330357142857143,8139.004178837003,1.3221451237365458,0.71875,14752.780711428702,2.668033958078337,0.875,18247.633333511574,3.5932671863218064,0.9508928571428571,21456.047956238155,4.583492546972913
realized_oracle,lgbm,raw,2024-12,8974.534355264124,357142237.17831665,4846.936445487294,0.7604976948100594,1.4099335821693253,2423.468222743647,0.3577586206896552,10915.119138057424,1.745082103301638,0.7155172413793104,18986.45129775824,3.247995266116685,0.8577586206896551,22339.944893322794,4.304087841594922,0.9181034482758621,24916.159881740372,5.185535785271686
train_fraction_100,lgbm,raw,2023-10,8570.707439474541,312034279.0130396,4803.1441669778515,1.0052414930529743,1.6954793816873654,2401.5720834889257,0.44583333333333336,8536.523582839249,1.4029440927305399,0.6708333333333333,14001.820781483308,2.4931482431597414,0.775,16247.554751610607,3.1136033977018625,0.8458333333333333,19753.95471261585,4.31042940970823
train_fraction_100,lgbm,raw,2023-11,7582.734779752077,260848965.60415375,4201.942086715354,0.792821967937815,1.3353003413951952,2100.971043357677,0.4230769230769231,8910.524774164158,1.5113667956519072,0.7163461538461539,15073.676423446399,2.6605715587672942,0.8846153846153846,19280.198050050847,3.697280435184177,0.9182692307692307,22737.97201382795,4.708296479105342
train_fraction_100,lgbm,raw,2023-12,8335.54873112305,268497400.1307442,4280.189005452911,0.7276964065706877,1.2635222391255183,2140.0945027264556,0.37083333333333335,10927.910106956419,1.7094006104098391,0.6458333333333334,17571.743437494428,2.9899396207365796,0.875,22783.2661902899,4.456636649472747,0.9375,28100.597713548264,5.726156324989651
train_fraction_100,lgbm,raw,2024-01,8912.599593181538,242267138.88538092,4395.992068400973,0.8036378595606416,1.4623864826969082,2197.9960342004865,0.4583333333333333,12377.306527241399,1.8929639235756774,0.65,19842.73918173617,3.6301958716252245,0.8375,25440.260758838896,5.282612695081672,0.9125,30376.746848173698,6.63000688097131
train_fraction_100,lgbm,raw,2024-02,6701.148419877522,127654637.09428778,3023.4402196685287,0.5048998607642777,0.9953576656573281,1511.7201098342643,0.4861111111111111,12038.647905921804,1.769228913615103,0.7638888888888888,21775.04677622084,3.815702735984132,0.9351851851851852,26570.436565260843,5.241111853066748,0.9722222222222222,31090.057186396578,6.433324321663145
train_fraction_100,lgbm,raw,2024-03,3906.1852844209775,43429528.81281691,1919.6680396237452,0.5678790645099847,0.9352227597477926,959.8340198118727,0.4637096774193548,8210.698971314392,1.2167934286471784,0.7741935483870968,14872.049623353036,2.793911181482281,0.9153225806451613,18332.605789089692,3.8614279522604047,0.9637096774193549,24743.664832290095,5.336364954083656
train_fraction_100,lgbm,raw,2024-04,3267.8454023341915,52706913.29010599,1827.1715690373328,0.4271404825547163,0.715806280528826,913.5857845186666,0.5375,6732.268526646124,1.1955054311105813,0.825,13594.589215844862,3.078543598145094,0.925,18223.626921913172,4.487257911859556,0.9583333333333334,23428.52633977647,6.110564902252153
train_fraction_100,lgbm,raw,2024-05,7352.653227965371,350254385.93219894,4547.335037783827,1.1265603224428429,1.7487047319451632,2273.6675188919135,0.45,7339.042400645819,1.5964525557546414,0.7333333333333333,13191.68146122722,3.8621351917001414,0.8583333333333333,18749.935693734493,5.745345961293626,0.9166666666666666,25677.747266849878,8.710138996627526
train_fraction_100,lgbm,raw,2024-06,3153.778542301462,43075484.00756906,1684.774182523176,1.5318497276235814,2.4445961588730087,842.387091261588,0.425,3448.2289631196136,0.9912946146982043,0.7291666666666666,8510.671077386745,2.9974193884255027,0.8583333333333333,12323.627157207751,4.41701371449365,0.9,18022.832058118325,6.291238178926904
train_fraction_100,lgbm,raw,2024-07,1982.0890792762264,22905007.526038174,1224.7941388039899,0.8064686429218837,1.0488730482353512,612.3970694019949,0.4637096774193548,3062.2965353579884,0.7933160654296588,0.7661290322580645,6513.402255547628,2.4628885426420983,0.8629032258064516,8980.627042330441,3.29103167219641,0.9516129032258065,14515.563842069192,4.64249118612018
train_fraction_100,lgbm,raw,2024-08,2569.702870166687,43241412.51204356,1623.062260658468,0.4783423073290933,0.7275108977764956,811.531130329234,0.5333333333333333,4881.475497889396,0.9235840440958916,0.8166666666666667,9481.986544244171,2.2065711675174695,0.8625,12811.723950763333,3.111432772144489,0.9291666666666667,16919.907418009094,4.306952464071362
train_fraction_100,lgbm,raw,2024-09,6253.107169039414,255762778.34409803,4045.7892405603593,0.8983777603161817,1.3901808768651558,2022.8946202801799,0.47413793103448276,6694.108336498138,1.1516632722943836,0.6982758620689655,11048.56901326895,2.3145235382354077,0.8275862068965517,14927.078256369641,3.2844705042661433,0.8922413793103449,18385.464547487794,4.389272306060298
train_fraction_100,lgbm,raw,2024-10,6843.619353819306,214778341.6537239,3831.7277088761075,0.7047552322322282,1.2041205631341967,1915.8638544380537,0.4353448275862069,9111.873542806943,1.40363739904703,0.728448275862069,13146.861872453885,2.406998520256196,0.8146551724137931,14851.825139353989,3.2229849715608236,0.8836206896551724,17307.75950473797,4.003323708192124
train_fraction_100,lgbm,raw,2024-11,8167.819767362127,234531689.63220337,4010.653715140051,0.7077017170197768,1.3693151774690135,2005.3268575700258,0.40625,11498.106090436866,1.7573040854954731,0.6875,19074.46361683525,3.26976298955426,0.8526785714285714,23066.299603520885,4.448826805713432,0.9285714285714286,26346.235406534666,5.434775399443846
train_fraction_100,lgbm,raw,2024-12,11620.5016872449,573454567.7990352,6630.362009804063,1.0183725325183444,1.7874991001278855,3315.181004902032,0.38362068965517243,11415.182168970368,1.7940440987270403,0.625,17913.300431671392,3.0853043842525474,0.7931034482758621,22775.366669229876,4.364804506873436,0.8706896551724138,27379.07697549457,5.730043855531637
train_fraction_25,lgbm,raw,2023-10,8492.431650355176,292299569.11919004,5117.315660241492,0.9359899994403901,1.6573489145289113,2558.657830120746,0.45,7435.3112659064245,1.7878599506809172,0.6333333333333333,12574.522826635366,3.120919630901699,0.7166666666666667,15091.751407146605,4.068400152004758,0.8291666666666667,21320.240682511754,6.345684123485179
train_fraction_25,lgbm,raw,2023-11,7414.686426107074,235798893.87340534,4441.1855525987785,0.868162246740794,1.3445114223408952,2220.5927762993897,0.33653846153846156,6674.687306111125,1.9704144696074666,0.7115384615384616,13577.843677056995,3.592523038785044,0.8125,16828.26671745254,4.941211590340644,0.8701923076923077,22258.93489712115,7.100859678867086
train_fraction_25,lgbm,raw,2023-12,8633.820395986155,228156458.84257004,4369.605138920336,0.7596669068745326,1.350243577284409,2184.802569460168,0.3125,9827.17970689203,1.7352900945943028,0.5666666666666667,16806.211085092644,3.192761151594071,0.6916666666666667,19645.62344736763,4.307929336031784,0.7916666666666666,25305.16115237904,6.285931045208661
train_fraction_25,lgbm,raw,2024-01,9096.031479257781,242680209.19525236,4576.710187063289,0.8671560326008693,1.5064999733794304,2288.3550935316443,0.35,10009.711875741972,1.4976969788546777,0.6083333333333333,19498.97012474937,3.5693793521462527,0.7,23050.74128148796,5.166003566281684,0.75,28202.447842605434,6.894082995612001
train_fraction_25,lgbm,raw,2024-02,7144.628824361558,144136905.5100272,3205.373483447549,0.5415795406034463,1.0473710040309767,1602.6867417237747,0.25462962962962965,7629.647876793895,1.1634695891235745,0.5833333333333334,16082.632539735645,2.9774528100215045,0.8055555555555556,20751.737481372948,4.936569583085589,0.8796296296296297,27134.56579760964,7.0581288982977926
train_fraction_25,lgbm,raw,2024-03,4656.104021869385,58984754.58145608,2069.072651314804,0.5765748192922827,1.0355578100359575,1034.5363256574021,0.36693548387096775,8031.435559517756,1.2903017021889527,0.7298387096774194,15070.51098263343,3.227916210783923,0.8508064516129032,19419.388898572925,5.546310487025869,0.9274193548387096,25377.317919072582,7.913914077127883
train_fraction_25,lgbm,raw,2024-04,5201.118908828383,75912633.24647526,2304.624013622741,0.5501530028324179,1.0162574353897311,1152.3120068113708,0.4,8270.826384468899,1.9269364734267322,0.7666666666666667,14875.096642499082,3.516905730563179,0.8666666666666667,19967.838539061813,6.483100137774377,0.9458333333333333,26443.215600140396,9.429687891920064
train_fraction_25,lgbm,raw,2024-05,7975.887613058138,301523732.61699617,4622.898074430939,1.0780333341775878,1.8885754470368181,2311.44903721547,0.3875,9436.884696776682,2.4680068774958985,0.65,16394.16217231202,4.186003343063237,0.8083333333333333,21963.33829286857,7.210537830645972,0.8916666666666667,27871.642304932007,9.47870752334078
train_fraction_25,lgbm,raw,2024-06,3383.4652862793364,45712977.37450816,1964.576876170096,1.7622594054186742,2.486637083967547,982.2884380850481,0.35,3622.3842600140347,0.9969302866484249,0.5708333333333333,8509.305568458523,2.647499145402882,0.7375,11795.775609237835,3.8484767891282265,0.8583333333333333,18896.845717499884,6.612910302775282
train_fraction_25,lgbm,raw,2024-07,2509.04521387596,25944790.14908942,1440.1092203819182,0.7793110232264484,1.1142630367912745,720.0546101909591,0.4153225806451613,4077.2715076180402,1.1964741623926838,0.6733870967741935,8871.899118980427,2.7194013459027575,0.842741935483871,11988.460408029925,3.8807764014740713,0.9435483870967742,20016.36417508187,6.967178020924992
train_fraction_25,lgbm,raw,2024-08,3707.6610916254162,43356165.07664616,1928.6676008318514,0.5060794537100615,0.8820245629152678,964.3338004159258,0.44583333333333336,7984.866230152069,1.8674174687452303,0.675,12436.632414672704,3.3664256139147257,0.8875,17296.438733477476,4.884030647393265,0.975,27099.848005936634,7.527134752015362
train_fraction_25,lgbm,raw,2024-09,6610.718318609462,214685842.7024383,4133.096813061829,0.8650517060214249,1.4367212128357965,2066.5484065309147,0.4698275862068966,7969.139757845225,2.0891426768545487,0.728448275862069,12601.375138814938,3.4437922306825,0.8275862068965517,17615.11437230426,5.112776183393217,0.9051724137931034,27143.055166485832,8.297051301603913
train_fraction_25,lgbm,raw,2024-10,7108.237777673492,201909688.3265223,3828.790352880014,0.7051772334642629,1.2317544525822632,1914.3951764400072,0.3275862068965517,7055.097162098611,1.5016865590381665,0.6853448275862069,11752.14159618978,2.7493611638077105,0.7672413793103449,14152.82156297652,3.643604637470911,0.9051724137931034,20780.975510450113,6.050712344550881
train_fraction_25,lgbm,raw,2024-11,8514.008436715714,237398895.80723956,4209.680290765883,0.754873057142835,1.40739985059065,2104.8401453829415,0.33035714285714285,10235.390728346218,1.606753318043328,0.625,15097.724865125148,2.72104932421878,0.7366071428571429,18276.34224364733,3.8371193059822204,0.84375,24093.141315993824,5.619340294897746
train_fraction_25,lgbm,raw,2024-12,10498.899148035674,443295775.87307894,6172.44201351714,0.9555644162023383,1.621234605295968,3086.22100675857,0.35344827586206895,11822.975950194685,1.7776576925891399,0.6293103448275862,18835.008063718018,3.4295178965779254,0.728448275862069,21295.286323513847,4.646704389052844,0.7801724137931034,26550.312940361062,6.515993189440248
train_fraction_50,lgbm,raw,2023-10,8662.678132101168,320848217.0718453,5063.349845159294,0.9737702018217572,1.6864578946854927,2531.674922579647,0.42916666666666664,7367.300473764822,1.535352258204364,0.6333333333333333,12571.24166870151,2.5784941184944055,0.75,16793.4281224985,3.4361971619061356,0.8416666666666667,20433.301371705715,4.284720557073238
train_fraction_50,lgbm,raw,2023-11,7678.827075937426,248573055.45093787,4364.3212630955695,0.8136654325427088,1.3831101728985133,2182.1606315477848,0.3942307692307692,9592.307113258912,1.8447324196128494,0.7259615384615384,14150.291414614574,2.8631854471368334,0.8173076923076923,16916.490437309734,3.5786000313241604,0.8846153846153846,20864.541833100084,4.545595189183138
train_fraction_50,lgbm,raw,2023-12,8908.40383180393,238358005.41838047,4292.530457579564,0.7583504848106266,1.4514266332305883,2146.265228789782,0.35,10617.975255359517,1.9379868003852592,0.6541666666666667,17216.13067776882,3.1132111082343106,0.7833333333333333,20217.724005846558,3.9299128358685356,0.8875,23989.254831351318,4.73837653963273
train_fraction_50,lgbm,raw,2024-01,9464.179292168259,260504342.11031798,4663.289564465833,0.8529184452940536,1.5319882232561401,2331.6447822329164,0.37083333333333335,11698.905215952956,1.723854878296837,0.6083333333333333,19278.612897584993,3.006684698660617,0.725,22962.919626615145,4.310868518719355,0.7833333333333333,26891.111440432956,5.512366254270416
train_fraction_50,lgbm,raw,2024-02,6911.343400582524,134527271.9527557,3033.799282706227,0.4993296739536293,1.0212827505968207,1516.899641353114,0.3194444444444444,10337.80866446226,1.5346609083109017,0.6898148148148148,18470.150215264297,2.873216287621302,0.8611111111111112,21985.122146974394,4.245986226191352,0.9490740740740741,27629.957581228435,5.91181561710199
train_fraction_50,lgbm,raw,2024-03,4376.666213974682,54128312.64694821,1985.4828351536983,0.5902166171340362,1.0042427238800222,992.7414175768492,0.3548387096774194,6918.267918738925,1.0560364769846582,0.6975806451612904,13107.973370513088,2.157985391114731,0.8548387096774194,16469.553376326847,3.771436954123897,0.9556451612903226,23209.160255681163,5.3885166321972156
train_fraction_50,lgbm,raw,2024-04,3704.5445262241633,50882988.96051181,1941.4089088237617,0.4707927507183463,0.801881438966177,970.704454411881,0.45416666666666666,7487.7818901781075,1.6017989857004526,0.7583333333333333,13897.583764460609,3.1973875236658267,0.9291666666666667,18500.66880343111,4.955774611316586,0.9666666666666667,25750.52321975647,6.9311773610732565
train_fraction_50,lgbm,raw,2024-05,7460.892421572901,318467193.62926215,4483.934089791477,1.1094435311686595,1.8119974239227519,2241.967044895739,0.4375,8815.91175733522,2.2918757439768798,0.6708333333333333,16762.598316859403,4.804578588334836,0.8041666666666667,22513.486074712193,6.9611148894618315,0.9333333333333333,29167.707479559238,9.49115998633808
train_fraction_50,lgbm,raw,2024-06,3340.396336046688,42627933.50666159,1908.5870221039943,1.8484819172769342,2.500320358211414,954.2935110519971,0.3625,4747.877864010161,1.3088454552596593,0.6541666666666667,10231.781206377562,3.441284252078002,0.7708333333333334,14722.032625192156,5.069211397124067,0.8666666666666667,22186.938219624357,7.930171051947128
train_fraction_50,lgbm,raw,2024-07,2310.233325141542,19098289.765636973,1421.192733696509,0.8262415786019407,1.122339433004739,710.5963668482547,0.43951612903225806,5698.531188576887,1.6949948681852098,0.6895161290322581,10322.261505883542,3.397821058098032,0.8548387096774194,14943.377726598306,4.898487407325973,0.9475806451612904,22052.01164876679,7.476476373950902
train_fraction_50,lgbm,raw,2024-08,2928.374241214914,41679670.807811886,1802.7937731950158,0.5077750744116577,0.7936484457673757,901.396886597508,0.4583333333333333,6776.50189896785,1.3196478977812829,0.7,10913.286845197961,2.6764623368538283,0.9,15231.248288199431,3.925012927482389,0.9708333333333333,21473.67739957001,5.745703452740519
train_fraction_50,lgbm,raw,2024-09,6192.631514964132,253356373.78440127,4054.0709488986236,0.8746786189928903,1.3867615747594044,2027.035474449312,0.4353448275862069,5450.785520427127,1.3147508844190343,0.6594827586206896,10626.711029178801,2.334343348940522,0.8362068965517241,14510.57755657728,3.349218171828644,0.8836206896551724,19482.132844168616,4.52150301324372
train_fraction_50,lgbm,raw,2024-10,6931.42802461156,205653126.27910116,3847.5317879236545,0.7352346396621062,1.270299529164343,1923.7658939618275,0.43103448275862066,8689.121184941441,1.849007131880495,0.6724137931034483,12314.5173469813,2.65054561698203,0.8275862068965517,15635.791830397433,3.7645518959405297,0.9181034482758621,21874.046069162152,6.591800039182312
train_fraction_50,lgbm,raw,2024-11,8356.570113092874,248123029.2831354,4330.388762507535,0.7831310763721732,1.404885180135432,2165.1943812537675,0.33035714285714285,10163.572033604169,1.557390858710526,0.53125,16411.708934304374,2.674730266588543,0.7366071428571429,18651.216995727587,3.2531312161106376,0.8839285714285714,22558.62959252754,4.109884583565425
train_fraction_50,lgbm,raw,2024-12,10284.840654975815,441268379.5815798,6341.40421500778,0.9919174891643788,1.6019570462978108,3170.70210750389,0.31896551724137934,11284.810186469806,1.6852401675131543,0.5689655172413793,18051.26424821336,2.832378079030101,0.6896551724137931,20551.383575514963,3.5443871320792706,0.7974137931034483,24472.70846070714,4.483866665579061
